-- MySQL dump 10.11
--
-- Host: localhost    Database: library
-- ------------------------------------------------------
-- Server version	5.0.45-log

/*!40101 SET @OLD_CHARACTER_SET_CLIENT=@@CHARACTER_SET_CLIENT */;
/*!40101 SET @OLD_CHARACTER_SET_RESULTS=@@CHARACTER_SET_RESULTS */;
/*!40101 SET @OLD_COLLATION_CONNECTION=@@COLLATION_CONNECTION */;
/*!40101 SET NAMES utf8 */;
/*!40103 SET @OLD_TIME_ZONE=@@TIME_ZONE */;
/*!40103 SET TIME_ZONE='+00:00' */;
/*!40014 SET @OLD_UNIQUE_CHECKS=@@UNIQUE_CHECKS, UNIQUE_CHECKS=0 */;
/*!40014 SET @OLD_FOREIGN_KEY_CHECKS=@@FOREIGN_KEY_CHECKS, FOREIGN_KEY_CHECKS=0 */;
/*!40101 SET @OLD_SQL_MODE=@@SQL_MODE, SQL_MODE='NO_AUTO_VALUE_ON_ZERO' */;
/*!40111 SET @OLD_SQL_NOTES=@@SQL_NOTES, SQL_NOTES=0 */;

--
-- Table structure for table `artists`
--

DROP TABLE IF EXISTS `artists`;
CREATE TABLE `artists` (
  `artist_id` int(11) NOT NULL auto_increment,
  `name` varchar(64) NOT NULL,
  PRIMARY KEY  (`artist_id`)
) ENGINE=MyISAM AUTO_INCREMENT=510 DEFAULT CHARSET=latin1;

--
-- Dumping data for table `artists`
--

LOCK TABLES `artists` WRITE;
/*!40000 ALTER TABLE `artists` DISABLE KEYS */;
INSERT INTO `artists` VALUES (509,'Electric Mary'),(508,'Cheats'),(507,'Little Birdy'),(506,'Rapture'),(505,'Howling Bells'),(504,'Thom Yorke'),(503,'Robbie Williams'),(502,'Alice Cooper'),(501,'Yeah Yeah Yeahs'),(500,'Gnarls Barkley'),(499,'Lily Allen'),(498,'Grates'),(497,'Gyroscope'),(496,'Hilltop Hoods'),(495,'Bloc Party'),(494,'Wolfmother'),(493,'Eels'),(492,'Hives'),(491,'Razorlight'),(490,'Hot Hot Heat'),(489,'Rolling Stones'),(488,'Flaming Lips'),(487,'Dom Italiano'),(486,'Belle and Sebastian'),(485,'Megan Bowman'),(484,'Asleep in the Park'),(483,'Roots'),(482,'Her Space Holiday'),(481,'Avalanches'),(480,'End of Fashion'),(479,'Black Eyed Peas'),(478,'Matchbox 20'),(477,'Incubus'),(476,'Killers'),(475,'Travis'),(474,'Missy Higgins'),(473,'Janet Seidel'),(472,'Ray Brown Trio'),(471,'Propellerheads'),(470,'Portishead'),(469,'Ministry of Sound'),(468,'Outkast'),(467,'Liz Phair'),(466,'Everclear'),(465,'Darkness'),(464,'Maroon 5'),(463,'Basement Jaxx'),(462,'Pink Floyd'),(461,'Vines'),(460,'Verve'),(459,'Strokes'),(458,'Stone Temple Pilots'),(457,'Stabbing Westward'),(456,'Black Rebel Motorcycle Club'),(455,'Soundgarden'),(454,'Something for Kate'),(453,'Cat Stevens'),(452,'Van Morrison'),(451,'Primary'),(450,'Kyuss'),(449,'Norah Jones'),(448,'Pollyanna'),(447,'Fear Factory'),(446,'Faithless'),(445,'Faith No More'),(444,'Everlast'),(443,'Dandy Warhols'),(442,'Bloodhound Gang'),(441,'Fu Manchu'),(440,'Neil Finn'),(439,'Ani DiFranco'),(438,'Diana Ah Naid'),(437,'Cordrazine'),(436,'Craig David'),(435,'P J Harvey'),(434,'Cardigans'),(433,'Crystal Method'),(432,'Lou Reed'),(431,'Kosheen'),(430,'Ms Dynamite'),(429,'Jeff Buckley'),(428,'Paul Kelly'),(427,'Led Zeppelin'),(426,'Dire Straits'),(425,'Franz Ferdinand'),(424,'Smiths'),(423,'Various Artists'),(422,'Beyonce'),(421,'Pete Murray'),(420,'Jet'),(419,'Stork'),(418,'George'),(417,'Bill Hicks'),(416,'Eminem'),(415,'Doctor Dre'),(414,'New Stories Trio'),(413,'Harry Connick Junior'),(412,'Bill Evans'),(411,'Hubert van Goisern'),(410,'Whitlams'),(409,'White Stripes'),(408,'U2'),(407,'Tool'),(406,'Tonic'),(405,'System of a Down'),(404,'Superjesus'),(403,'Spiderbait'),(402,'Snout'),(401,'Soulfly'),(400,'Smashing Pumpkins'),(399,'Silverchair'),(398,'Sepultura'),(397,'Reef'),(396,'REM'),(395,'Red Hot Chili Peppers'),(394,'Rammstein'),(393,'Rage Against The Machine'),(392,'Radiohead'),(391,'Queens of the Stone Age'),(390,'Powderfinger'),(389,'Placebo'),(388,'Pennywise'),(387,'Pearl Jam'),(386,'Pantera'),(385,'Offspring'),(384,'Oasis'),(383,'Nirvana'),(382,'Muse'),(381,'Motor Ace'),(380,'Midnight Oil'),(379,'Metallica'),(378,'Marilyn Manson'),(377,'Manic Street Preachers'),(376,'Magic Dirt'),(375,'Machine Translations'),(374,'Machine Gun Fellatio'),(373,'Living End'),(372,'Live'),(371,'Kula Shaker'),(370,'Korn'),(369,'Jebediah'),(368,'Jerry Cantrell'),(367,'Hole'),(366,'Guns and Roses'),(365,'Grinspoon'),(364,'Gomez'),(363,'Garbage'),(362,'Foo Fighters'),(361,'Fini Scad'),(360,'Filter'),(359,'Eskimo Joe'),(358,'Elton John'),(357,'Dido'),(356,'Crowded House'),(355,'Coldplay'),(354,'Cake'),(353,'Blur'),(352,'Beth Orton'),(351,'Ben Folds Five'),(350,'Beatles'),(349,'Ash'),(348,'Ammonia'),(347,'Audioslave'),(346,'Alex Lloyd'),(345,'Regurgitator'),(344,'Prodigy'),(343,'Orbital'),(342,'Moby'),(341,'Morcheeba'),(340,'Massive Attack'),(339,'Jamiroquai'),(338,'Fatboy Slim'),(337,'Chemical Brothers'),(336,'Air'),(335,'Tchaikovsky'),(334,'Beethoven'),(333,'John Butler Trio'),(332,'Joe Cocker'),(331,'Jimi Hendrix'),(330,'Eric Clapton'),(329,'Doors'),(328,'Ben Harper');
/*!40000 ALTER TABLE `artists` ENABLE KEYS */;
UNLOCK TABLES;

--
-- Table structure for table `countries`
--

DROP TABLE IF EXISTS `countries`;
CREATE TABLE `countries` (
  `country_id` int(11) NOT NULL auto_increment,
  `name` varchar(64) NOT NULL,
  `code` varchar(2) NOT NULL,
  PRIMARY KEY  (`country_id`)
) ENGINE=MyISAM DEFAULT CHARSET=latin1;

--
-- Dumping data for table `countries`
--

LOCK TABLES `countries` WRITE;
/*!40000 ALTER TABLE `countries` DISABLE KEYS */;
/*!40000 ALTER TABLE `countries` ENABLE KEYS */;
UNLOCK TABLES;

--
-- Table structure for table `item_languages`
--

DROP TABLE IF EXISTS `item_languages`;
CREATE TABLE `item_languages` (
  `item_id` int(11) NOT NULL,
  `language_id` int(11) NOT NULL,
  `medium_id` int(11) NOT NULL,
  KEY `item_languages_FI_1` (`item_id`),
  KEY `item_languages_FI_2` (`language_id`)
) ENGINE=MyISAM DEFAULT CHARSET=latin1;

--
-- Dumping data for table `item_languages`
--

LOCK TABLES `item_languages` WRITE;
/*!40000 ALTER TABLE `item_languages` DISABLE KEYS */;
/*!40000 ALTER TABLE `item_languages` ENABLE KEYS */;
UNLOCK TABLES;

--
-- Table structure for table `items`
--

DROP TABLE IF EXISTS `items`;
CREATE TABLE `items` (
  `item_id` int(11) NOT NULL auto_increment,
  `class_key` int(11) NOT NULL,
  `title` varchar(64) NOT NULL,
  `purchased_on` date default NULL,
  `lastused_on` date default NULL,
  `rating` int(11) default NULL,
  `asin` varchar(13) default NULL,
  `author` varchar(64) default NULL,
  `isbn` varchar(10) default NULL,
  `isbn13` varchar(13) default NULL,
  `artist_id` int(11) default NULL,
  `licence_key` varchar(64) default NULL,
  `platform_id` int(11) default NULL,
  PRIMARY KEY  (`item_id`),
  KEY `items_FI_1` (`artist_id`),
  KEY `items_FI_2` (`platform_id`)
) ENGINE=MyISAM AUTO_INCREMENT=678 DEFAULT CHARSET=latin1;

--
-- Dumping data for table `items`
--

LOCK TABLES `items` WRITE;
/*!40000 ALTER TABLE `items` DISABLE KEYS */;
INSERT INTO `items` VALUES (1,3,'The Will to Live','1999-12-01',NULL,NULL,NULL,NULL,NULL,NULL,328,NULL,NULL),(2,3,'Greatest Hits','1999-12-01',NULL,NULL,NULL,NULL,NULL,NULL,329,NULL,NULL),(3,3,'The Cream of Clapton','1999-12-01',NULL,NULL,NULL,NULL,NULL,NULL,330,NULL,NULL),(4,3,'Experience Hendrix','1999-12-01',NULL,NULL,NULL,NULL,NULL,NULL,331,NULL,NULL),(5,3,'The Best of Joe Cocker','1999-12-01',NULL,NULL,NULL,NULL,NULL,NULL,332,NULL,NULL),(6,3,'Three','2002-01-01',NULL,NULL,NULL,NULL,NULL,NULL,333,NULL,NULL),(7,3,'Classical Collection','1999-12-01',NULL,NULL,NULL,NULL,NULL,NULL,334,NULL,NULL),(8,3,'Classical Collection','1999-12-01',NULL,NULL,NULL,NULL,NULL,NULL,335,NULL,NULL),(9,3,'Moon Safari','1999-12-01',NULL,NULL,'B000003S5H',NULL,NULL,NULL,336,NULL,NULL),(10,3,'Exit Planet Dust','1999-12-01',NULL,NULL,NULL,NULL,NULL,NULL,337,NULL,NULL),(11,3,'Dig Your Own Hole','1999-12-01',NULL,NULL,NULL,NULL,NULL,NULL,337,NULL,NULL),(12,3,'Surrender','1999-12-01',NULL,NULL,NULL,NULL,NULL,NULL,337,NULL,NULL),(13,3,'Come With Us','1999-12-01',NULL,NULL,NULL,NULL,NULL,NULL,337,NULL,NULL),(14,3,'Better Living Through Chemistry','1999-12-01',NULL,NULL,NULL,NULL,NULL,NULL,338,NULL,NULL),(15,3,'Halfway Between the Gutter and the Stars','1999-12-01',NULL,NULL,NULL,NULL,NULL,NULL,338,NULL,NULL),(16,3,'You\'ve Come a Long Way Baby','1999-12-01',NULL,NULL,NULL,NULL,NULL,NULL,338,NULL,NULL),(17,3,'Synkronized','1999-12-01',NULL,NULL,NULL,NULL,NULL,NULL,339,NULL,NULL),(18,3,'A Funk Odyssey','1999-12-01',NULL,NULL,NULL,NULL,NULL,NULL,339,NULL,NULL),(19,3,'Mezzanine','1999-12-01',NULL,NULL,NULL,NULL,NULL,NULL,340,NULL,NULL),(20,3,'Charango','1999-12-01',NULL,NULL,NULL,NULL,NULL,NULL,341,NULL,NULL),(21,3,'Play','1999-12-01',NULL,NULL,NULL,NULL,NULL,NULL,342,NULL,NULL),(22,3,'Orbital','1999-12-01',NULL,NULL,NULL,NULL,NULL,NULL,343,NULL,NULL),(23,3,'The Altogether','1999-12-01',NULL,NULL,NULL,NULL,NULL,NULL,343,NULL,NULL),(24,3,'Music for the Jilted Generation','1999-12-01',NULL,NULL,NULL,NULL,NULL,NULL,344,NULL,NULL),(25,3,'The Fat of the Land','1999-12-01',NULL,NULL,NULL,NULL,NULL,NULL,344,NULL,NULL),(26,3,'Unit','1999-12-01',NULL,NULL,NULL,NULL,NULL,NULL,345,NULL,NULL),(27,3,'Jingles','1999-12-01',NULL,NULL,NULL,NULL,NULL,NULL,345,NULL,NULL),(28,3,'Black the Sun','1999-12-01',NULL,NULL,'B00004WH4A',NULL,NULL,NULL,346,NULL,NULL),(29,3,'Watching Angels Mend',NULL,NULL,NULL,NULL,NULL,NULL,NULL,346,NULL,NULL),(30,3,'Audioslave','1999-12-01',NULL,NULL,NULL,NULL,NULL,NULL,347,NULL,NULL),(31,3,'Eleventh Avenue','1999-12-01',NULL,NULL,NULL,NULL,NULL,NULL,348,NULL,NULL),(32,3,'1977','1999-12-01',NULL,NULL,NULL,NULL,NULL,NULL,349,NULL,NULL),(33,3,'Revolver','1999-12-01',NULL,NULL,NULL,NULL,NULL,NULL,350,NULL,NULL),(34,3,'Whatever and Ever Amen','1999-12-01',NULL,NULL,NULL,NULL,NULL,NULL,351,NULL,NULL),(35,3,'The Unauthorized Biography of Reinhold Messner','1999-12-01',NULL,NULL,NULL,NULL,NULL,NULL,351,NULL,NULL),(36,3,'Central Reservation','1999-12-01',NULL,NULL,NULL,NULL,NULL,NULL,352,NULL,NULL),(37,3,'Best Of','1999-12-01',NULL,NULL,NULL,NULL,NULL,NULL,353,NULL,NULL),(38,3,'Fashion Nugget','1999-12-01',NULL,NULL,NULL,NULL,NULL,NULL,354,NULL,NULL),(39,3,'Rush of Blood to the Head','1999-12-01',NULL,NULL,NULL,NULL,NULL,NULL,355,NULL,NULL),(40,3,'Recurring Dream','2006-11-11',NULL,NULL,'B000002U5B',NULL,NULL,NULL,356,NULL,NULL),(41,3,'No Angel','1999-12-01',NULL,NULL,'B00000IAU3',NULL,NULL,NULL,357,NULL,NULL),(42,3,'The Very Best of Elton John','1999-12-01',NULL,NULL,NULL,NULL,NULL,NULL,358,NULL,NULL),(43,3,'Girl','1999-12-01',NULL,NULL,NULL,NULL,NULL,NULL,359,NULL,NULL),(44,3,'Title of Record','1999-12-01',NULL,NULL,NULL,NULL,NULL,NULL,360,NULL,NULL),(45,3,'Fini Scad','1999-12-01',NULL,NULL,NULL,NULL,NULL,NULL,361,NULL,NULL),(46,3,'Colour and the Shape','1999-12-01',NULL,NULL,NULL,NULL,NULL,NULL,362,NULL,NULL),(47,3,'There is Nothing Left to Lose','1999-12-01',NULL,NULL,NULL,NULL,NULL,NULL,362,NULL,NULL),(48,3,'One by One','1999-12-01',NULL,NULL,NULL,NULL,NULL,NULL,362,NULL,NULL),(49,3,'Garbage','1999-12-01',NULL,NULL,NULL,NULL,NULL,NULL,363,NULL,NULL),(50,3,'Version 2.0','1999-12-01',NULL,NULL,NULL,NULL,NULL,NULL,363,NULL,NULL),(51,3,'beautifulgarbage','1999-12-01',NULL,NULL,NULL,NULL,NULL,NULL,363,NULL,NULL),(52,3,'Bring It On','1999-12-01',NULL,NULL,NULL,NULL,NULL,NULL,364,NULL,NULL),(53,3,'Liquid Skin','1999-12-01',NULL,NULL,NULL,NULL,NULL,NULL,364,NULL,NULL),(54,3,'Pushing Buttons','1999-12-01',NULL,NULL,NULL,NULL,NULL,NULL,365,NULL,NULL),(55,3,'Appetite for Destruction','1999-12-01',NULL,NULL,NULL,NULL,NULL,NULL,366,NULL,NULL),(56,3,'Use Your Illusion II','1999-12-01',NULL,NULL,NULL,NULL,NULL,NULL,366,NULL,NULL),(57,3,'Celebrity Skin','1999-12-01',NULL,NULL,NULL,NULL,NULL,NULL,367,NULL,NULL),(58,3,'Boggy Depot','1999-12-01',NULL,NULL,NULL,NULL,NULL,NULL,368,NULL,NULL),(59,3,'Slightly Odway','1999-12-01',NULL,NULL,NULL,NULL,NULL,NULL,369,NULL,NULL),(60,3,'Follow the Leader','1999-12-01',NULL,NULL,NULL,NULL,NULL,NULL,370,NULL,NULL),(61,3,'Peasants, Pigs, and Astronauts','1999-12-01',NULL,NULL,NULL,NULL,NULL,NULL,371,NULL,NULL),(62,3,'Throwing Copper','1999-12-01',NULL,NULL,NULL,NULL,NULL,NULL,372,NULL,NULL),(63,3,'Roll On','1999-12-01',NULL,NULL,NULL,NULL,NULL,NULL,373,NULL,NULL),(64,3,'Bring It On','1999-12-01',NULL,NULL,NULL,NULL,NULL,NULL,374,NULL,NULL),(65,3,'Paging Mister Strike','1999-12-01',NULL,NULL,NULL,NULL,NULL,NULL,374,NULL,NULL),(66,3,'Happy','1999-12-01',NULL,NULL,NULL,NULL,NULL,NULL,375,NULL,NULL),(67,3,'Young and Full of the Devil','1999-12-01',NULL,NULL,NULL,NULL,NULL,NULL,376,NULL,NULL),(68,3,'What Are Rock Stars Doing Today','1999-12-01',NULL,NULL,NULL,NULL,NULL,NULL,376,NULL,NULL),(69,3,'This is My Truth Tell Me Yours','1999-12-01',NULL,NULL,NULL,NULL,NULL,NULL,377,NULL,NULL),(70,3,'Portrait of an American Family','1999-12-01',NULL,NULL,NULL,NULL,NULL,NULL,378,NULL,NULL),(71,3,'Antichrist Superstar','1999-12-01',NULL,NULL,NULL,NULL,NULL,NULL,378,NULL,NULL),(72,3,'Mechanical Animals','1999-12-01',NULL,NULL,NULL,NULL,NULL,NULL,378,NULL,NULL),(73,3,'Holy Wood','1999-12-01',NULL,NULL,NULL,NULL,NULL,NULL,378,NULL,NULL),(74,3,'Golden Age of Grotesque','1999-12-01',NULL,NULL,NULL,NULL,NULL,NULL,378,NULL,NULL),(75,3,'Metallica','1999-12-01',NULL,NULL,NULL,NULL,NULL,NULL,379,NULL,NULL),(76,3,'And Justice For All','1999-12-01',NULL,NULL,NULL,NULL,NULL,NULL,379,NULL,NULL),(77,3,'Load','1999-12-01',NULL,NULL,NULL,NULL,NULL,NULL,379,NULL,NULL),(78,3,'20,000 Watt RSL','1999-12-01',NULL,NULL,NULL,NULL,NULL,NULL,380,NULL,NULL),(79,3,'Power and the Passion','1999-12-01',NULL,NULL,NULL,NULL,NULL,NULL,380,NULL,NULL),(80,3,'Five Star Laundry','1999-12-01',NULL,NULL,NULL,NULL,NULL,NULL,381,NULL,NULL),(81,3,'Showbiz','1999-12-01',NULL,NULL,NULL,NULL,NULL,NULL,382,NULL,NULL),(82,3,'Bleach','1999-12-01',NULL,NULL,NULL,NULL,NULL,NULL,383,NULL,NULL),(83,3,'Nevermind','1999-12-01',NULL,NULL,NULL,NULL,NULL,NULL,383,NULL,NULL),(84,3,'In Utero','1999-12-01',NULL,NULL,NULL,NULL,NULL,NULL,383,NULL,NULL),(85,3,'MTV Unplugged in New York','1999-12-01',NULL,NULL,NULL,NULL,NULL,NULL,383,NULL,NULL),(86,3,'Morning Glory','1999-12-01',NULL,NULL,NULL,NULL,NULL,NULL,384,NULL,NULL),(87,3,'Smash','1999-12-01',NULL,NULL,NULL,NULL,NULL,NULL,385,NULL,NULL),(88,3,'Vulgar Display of Power','1999-12-01',NULL,NULL,NULL,NULL,NULL,NULL,386,NULL,NULL),(89,3,'Ten','1999-12-01',NULL,NULL,NULL,NULL,NULL,NULL,387,NULL,NULL),(90,3,'Versus','1999-12-01',NULL,NULL,NULL,NULL,NULL,NULL,387,NULL,NULL),(91,3,'Land of the Free','1999-12-01',NULL,NULL,NULL,NULL,NULL,NULL,388,NULL,NULL),(92,3,'Without You I\'m Nothing','1999-12-01',NULL,NULL,NULL,NULL,NULL,NULL,389,NULL,NULL),(93,3,'Black Market Music','1999-12-01',NULL,NULL,NULL,NULL,NULL,NULL,389,NULL,NULL),(94,3,'Double Allergic','1999-12-01',NULL,NULL,NULL,NULL,NULL,NULL,390,NULL,NULL),(95,3,'Internationalist','1999-12-01',NULL,NULL,NULL,NULL,NULL,NULL,390,NULL,NULL),(96,3,'R','1999-12-01',NULL,NULL,NULL,NULL,NULL,NULL,391,NULL,NULL),(97,3,'Songs for the Deaf','1999-12-01',NULL,NULL,NULL,NULL,NULL,NULL,391,NULL,NULL),(98,3,'Pablo Honey','1999-12-01',NULL,NULL,NULL,NULL,NULL,NULL,392,NULL,NULL),(99,3,'The Bends','1999-12-01',NULL,NULL,NULL,NULL,NULL,NULL,392,NULL,NULL),(100,3,'OK Computer','1999-12-01',NULL,NULL,NULL,NULL,NULL,NULL,392,NULL,NULL),(101,3,'Kid A','1999-12-01',NULL,NULL,NULL,NULL,NULL,NULL,392,NULL,NULL),(102,3,'Amnesiac','1999-12-01',NULL,NULL,NULL,NULL,NULL,NULL,392,NULL,NULL),(103,3,'Rage Against The Machine','1999-12-01',NULL,NULL,NULL,NULL,NULL,NULL,393,NULL,NULL),(104,3,'The Battle of Los Angeles','1999-12-01',NULL,NULL,NULL,NULL,NULL,NULL,393,NULL,NULL),(105,3,'Sehnsucht','1999-12-01',NULL,NULL,NULL,NULL,NULL,NULL,394,NULL,NULL),(106,3,'Mutter','1999-12-01',NULL,NULL,NULL,NULL,NULL,NULL,394,NULL,NULL),(107,3,'Blood Sugar Sex Magik','1999-12-01',NULL,NULL,NULL,NULL,NULL,NULL,395,NULL,NULL),(108,3,'One Hot Minute','1999-12-01',NULL,NULL,NULL,NULL,NULL,NULL,395,NULL,NULL),(109,3,'Californication','1999-12-01',NULL,NULL,NULL,NULL,NULL,NULL,395,NULL,NULL),(110,3,'Tu Plang','1999-12-01',NULL,NULL,NULL,NULL,NULL,NULL,345,NULL,NULL),(111,3,'Automatic for the People','1999-12-01',NULL,NULL,NULL,NULL,NULL,NULL,396,NULL,NULL),(112,3,'Glow','1999-12-01',NULL,NULL,NULL,NULL,NULL,NULL,397,NULL,NULL),(113,3,'Roots','1999-12-01',NULL,NULL,NULL,NULL,NULL,NULL,398,NULL,NULL),(114,3,'Frog Stomp','1999-12-01',NULL,NULL,NULL,NULL,NULL,NULL,399,NULL,NULL),(115,3,'Rotten Apples: Greatest Hits','1999-12-01',NULL,NULL,NULL,NULL,NULL,NULL,400,NULL,NULL),(116,3,'Soulfly','1999-12-01',NULL,NULL,NULL,NULL,NULL,NULL,401,NULL,NULL),(117,3,'Circle High and Wide','1999-12-01',NULL,NULL,NULL,NULL,NULL,NULL,402,NULL,NULL),(118,3,'Ivy and the Big Apples','1999-12-01',NULL,NULL,NULL,NULL,NULL,NULL,403,NULL,NULL),(119,3,'Sumo','1999-12-01',NULL,NULL,NULL,NULL,NULL,NULL,404,NULL,NULL),(120,3,'Toxicity','1999-12-01',NULL,NULL,NULL,NULL,NULL,NULL,405,NULL,NULL),(121,3,'Lemon Parade','1999-12-01',NULL,NULL,NULL,NULL,NULL,NULL,406,NULL,NULL),(122,3,'Aenima','1999-12-01',NULL,NULL,NULL,NULL,NULL,NULL,407,NULL,NULL),(123,3,'Best Of 1980-1990','1999-12-01',NULL,NULL,NULL,NULL,NULL,NULL,408,NULL,NULL),(124,3,'Elephant','1999-12-01',NULL,NULL,NULL,NULL,NULL,NULL,409,NULL,NULL),(125,3,'Eternal Nightcap','2003-01-01',NULL,NULL,NULL,NULL,NULL,NULL,410,NULL,NULL),(126,3,'Love This City','1999-12-01',NULL,NULL,NULL,NULL,NULL,NULL,410,NULL,NULL),(127,3,'Torch the Moon','1999-12-01',NULL,NULL,NULL,NULL,NULL,NULL,410,NULL,NULL),(128,3,'Wia Die Zeit Vergeht','1999-12-01',NULL,NULL,NULL,NULL,NULL,NULL,411,NULL,NULL),(129,3,'Bill Evans\'s Finest Hour','1999-12-01',NULL,NULL,NULL,NULL,NULL,NULL,412,NULL,NULL),(130,3,'She','1999-12-01',NULL,NULL,NULL,NULL,NULL,NULL,413,NULL,NULL),(131,3,'Speakin\' Out','1999-12-01',NULL,NULL,NULL,NULL,NULL,NULL,414,NULL,NULL),(132,3,'2001','1999-12-01',NULL,NULL,NULL,NULL,NULL,NULL,415,NULL,NULL),(133,3,'Marshall Mathers','1999-12-01',NULL,NULL,NULL,NULL,NULL,NULL,416,NULL,NULL),(134,3,'Philosophy','1999-12-01',NULL,NULL,NULL,NULL,NULL,NULL,417,NULL,NULL),(135,3,'Living','2003-01-01',NULL,NULL,NULL,NULL,NULL,NULL,333,NULL,NULL),(136,3,'Polyserena',NULL,NULL,NULL,NULL,NULL,NULL,NULL,418,NULL,NULL),(137,3,'99% Fact Free','2004-05-14',NULL,NULL,NULL,NULL,NULL,NULL,419,NULL,NULL),(138,3,'Get Born',NULL,NULL,NULL,NULL,NULL,NULL,NULL,420,NULL,NULL),(139,3,'Feeler','2007-02-18',NULL,NULL,'B0002A6W8C',NULL,NULL,NULL,421,NULL,NULL),(140,3,'Slim Shady','2006-12-29',NULL,NULL,'B00000I5JQ',NULL,NULL,NULL,416,NULL,NULL),(141,3,'Tough Love','2004-11-29',NULL,NULL,NULL,NULL,NULL,NULL,376,NULL,NULL),(142,3,'Comfort Eagle',NULL,NULL,NULL,NULL,NULL,NULL,NULL,354,NULL,NULL),(143,3,'Dangerously in Love',NULL,NULL,NULL,NULL,NULL,NULL,NULL,422,NULL,NULL),(144,3,'Ministry of Sound Annual 2004',NULL,NULL,NULL,NULL,NULL,NULL,NULL,423,NULL,NULL),(145,3,'Achtung Baby',NULL,NULL,NULL,NULL,NULL,NULL,NULL,408,NULL,NULL),(146,3,'Absolution','2004-01-01',NULL,NULL,NULL,NULL,NULL,NULL,382,NULL,NULL),(147,3,'Origin of Symmetry','2005-04-30',NULL,NULL,NULL,NULL,NULL,NULL,382,NULL,NULL),(148,3,'Abbey Road',NULL,NULL,NULL,NULL,NULL,NULL,NULL,350,NULL,NULL),(149,3,'Blue Sky Mining',NULL,NULL,NULL,NULL,NULL,NULL,NULL,380,NULL,NULL),(150,3,'Diesel and Dust',NULL,NULL,NULL,NULL,NULL,NULL,NULL,380,NULL,NULL),(151,3,'Red Sails in the Sunset',NULL,NULL,NULL,NULL,NULL,NULL,NULL,380,NULL,NULL),(152,3,'Zooropa',NULL,NULL,NULL,NULL,NULL,NULL,NULL,408,NULL,NULL),(153,3,'Evil Empire',NULL,NULL,NULL,NULL,NULL,NULL,NULL,393,NULL,NULL),(154,3,'Very Best Of','2005-11-24',NULL,NULL,NULL,NULL,NULL,NULL,424,NULL,NULL),(155,3,'Franz Ferdinand','2005-08-12',NULL,NULL,NULL,NULL,NULL,NULL,425,NULL,NULL),(156,3,'Sultans of Swing',NULL,NULL,NULL,NULL,NULL,NULL,NULL,426,NULL,NULL),(157,3,'Remasters','2004-01-01',NULL,NULL,NULL,NULL,NULL,NULL,427,NULL,NULL),(158,3,'Songs From The South','2002-01-01',NULL,NULL,NULL,NULL,NULL,NULL,428,NULL,NULL),(159,3,'Grace','2005-10-27',NULL,NULL,NULL,NULL,NULL,NULL,429,NULL,NULL),(160,3,'Latter Days',NULL,NULL,NULL,NULL,NULL,NULL,NULL,427,NULL,NULL),(161,3,'Early Days',NULL,NULL,NULL,NULL,NULL,NULL,NULL,427,NULL,NULL),(162,3,'A Little Deeper',NULL,NULL,NULL,NULL,NULL,NULL,NULL,430,NULL,NULL),(163,3,'Resist','2006-02-19',NULL,NULL,NULL,NULL,NULL,NULL,431,NULL,NULL),(164,3,'Transformer',NULL,NULL,NULL,NULL,NULL,NULL,NULL,432,NULL,NULL),(165,3,'Perfect Day',NULL,NULL,NULL,NULL,NULL,NULL,NULL,432,NULL,NULL),(166,3,'Vegas',NULL,NULL,NULL,NULL,NULL,NULL,NULL,433,NULL,NULL),(167,3,'Gran Turismo',NULL,NULL,NULL,NULL,NULL,NULL,NULL,434,NULL,NULL),(168,3,'First Band on the Moon',NULL,NULL,NULL,NULL,NULL,NULL,NULL,434,NULL,NULL),(169,3,'Fight Club','2003-01-01',NULL,NULL,NULL,NULL,NULL,NULL,423,NULL,NULL),(170,3,'Parables For Wooden Ears',NULL,NULL,NULL,NULL,NULL,NULL,NULL,390,NULL,NULL),(171,3,'Stories From The City',NULL,NULL,NULL,NULL,NULL,NULL,NULL,435,NULL,NULL),(172,3,'Is This Desire',NULL,NULL,NULL,NULL,NULL,NULL,NULL,435,NULL,NULL),(173,3,'Yield',NULL,NULL,NULL,NULL,NULL,NULL,NULL,387,NULL,NULL),(174,3,'No Code',NULL,NULL,NULL,NULL,NULL,NULL,NULL,387,NULL,NULL),(175,3,'Vitalogy',NULL,NULL,NULL,NULL,NULL,NULL,NULL,387,NULL,NULL),(176,3,'Born to do It','2006-06-08',NULL,NULL,NULL,NULL,NULL,NULL,436,NULL,NULL),(177,3,'From Here to Wherever',NULL,NULL,NULL,NULL,NULL,NULL,NULL,437,NULL,NULL),(178,3,'I Don\'t Think I\'m Pregnant',NULL,NULL,NULL,NULL,NULL,NULL,NULL,438,NULL,NULL),(179,3,'Dilate',NULL,NULL,NULL,NULL,NULL,NULL,NULL,439,NULL,NULL),(180,3,'Not a Pretty Girl',NULL,NULL,NULL,NULL,NULL,NULL,NULL,439,NULL,NULL),(181,3,'Odyssey Number Five','2005-04-24',NULL,NULL,NULL,NULL,NULL,NULL,390,NULL,NULL),(182,3,'Vulture Street','2003-01-01',NULL,NULL,NULL,NULL,NULL,NULL,390,NULL,NULL),(183,3,'Rubber Soul','2005-11-19',NULL,NULL,NULL,NULL,NULL,NULL,350,NULL,NULL),(184,3,'Try Whistling This','2005-10-27',NULL,NULL,NULL,NULL,NULL,NULL,440,NULL,NULL),(185,3,'Burn to Shine',NULL,NULL,NULL,NULL,NULL,NULL,NULL,328,NULL,NULL),(186,3,'Diamonds on the Inside',NULL,NULL,NULL,NULL,NULL,NULL,NULL,328,NULL,NULL),(187,3,'Rockin The Suburbs',NULL,NULL,NULL,NULL,NULL,NULL,NULL,351,NULL,NULL),(188,3,'California Crossing',NULL,NULL,NULL,NULL,NULL,NULL,NULL,441,NULL,NULL),(189,3,'One Fierce Beer Coaster','2005-10-27',NULL,NULL,NULL,NULL,NULL,NULL,442,NULL,NULL),(190,3,'Come Down',NULL,NULL,NULL,NULL,NULL,NULL,NULL,443,NULL,NULL),(191,3,'Whitey Ford Sings the Blues',NULL,NULL,NULL,NULL,NULL,NULL,NULL,444,NULL,NULL),(192,3,'King of the Road',NULL,NULL,NULL,NULL,NULL,NULL,NULL,441,NULL,NULL),(193,3,'Who Cares A Lot',NULL,NULL,NULL,NULL,NULL,NULL,NULL,445,NULL,NULL),(194,3,'Reverence',NULL,NULL,NULL,NULL,NULL,NULL,NULL,446,NULL,NULL),(195,3,'In Search Of',NULL,NULL,NULL,NULL,NULL,NULL,NULL,441,NULL,NULL),(196,3,'Demanufacture',NULL,NULL,NULL,NULL,NULL,NULL,NULL,447,NULL,NULL),(197,3,'Foo Fighters','1999-11-30',NULL,NULL,NULL,NULL,NULL,NULL,362,NULL,NULL),(198,3,'Hello Halo',NULL,NULL,NULL,NULL,NULL,NULL,NULL,448,NULL,NULL),(199,3,'Guide to Better Living',NULL,NULL,NULL,NULL,NULL,NULL,NULL,365,NULL,NULL),(200,3,'New Detention','2003-01-01',NULL,NULL,NULL,NULL,NULL,NULL,365,NULL,NULL),(201,3,'Incesticide','2005-09-25',NULL,NULL,NULL,NULL,NULL,NULL,383,NULL,NULL),(202,3,'Come Away With Me',NULL,NULL,NULL,NULL,NULL,NULL,NULL,449,NULL,NULL),(203,3,'Queens of the Stone Age',NULL,NULL,NULL,NULL,NULL,NULL,NULL,450,NULL,NULL),(204,3,'Orbital 2',NULL,NULL,NULL,NULL,NULL,NULL,NULL,343,NULL,NULL),(205,3,'Sleeping With Ghosts','2004-03-12',NULL,NULL,NULL,NULL,NULL,NULL,389,NULL,NULL),(206,3,'This is the Sound',NULL,NULL,NULL,NULL,NULL,NULL,NULL,451,NULL,NULL),(207,3,'Experience',NULL,NULL,NULL,NULL,NULL,NULL,NULL,344,NULL,NULL),(208,3,'The Best of Van Morrison',NULL,NULL,NULL,NULL,NULL,NULL,NULL,452,NULL,NULL),(209,3,'Hail to the Thief',NULL,NULL,NULL,NULL,NULL,NULL,NULL,392,NULL,NULL),(210,3,'Remember','1999-11-30',NULL,NULL,NULL,NULL,NULL,NULL,453,NULL,NULL),(211,3,'Freak Show','1999-11-30',NULL,NULL,NULL,NULL,NULL,NULL,399,NULL,NULL),(212,3,'Neon Ballroom','1999-11-30',NULL,NULL,NULL,NULL,NULL,NULL,399,NULL,NULL),(213,3,'Out of Range',NULL,NULL,NULL,NULL,NULL,NULL,NULL,439,NULL,NULL),(214,3,'The Official Fiction','2004-01-01',NULL,NULL,NULL,NULL,NULL,NULL,454,NULL,NULL),(215,3,'Superunknown','2006-03-27',NULL,NULL,NULL,NULL,NULL,NULL,455,NULL,NULL),(216,3,'Take Them On On Your Own',NULL,NULL,NULL,NULL,NULL,NULL,NULL,456,NULL,NULL),(217,3,'Darkest Days',NULL,NULL,NULL,NULL,NULL,NULL,NULL,457,NULL,NULL),(218,3,'Placebo','2003-01-01',NULL,NULL,NULL,NULL,NULL,NULL,389,NULL,NULL),(219,3,'Core',NULL,NULL,NULL,NULL,NULL,NULL,NULL,458,NULL,NULL),(220,3,'Is This It','1999-11-30',NULL,NULL,NULL,NULL,NULL,NULL,459,NULL,NULL),(221,3,'Urban Hymns',NULL,NULL,NULL,NULL,NULL,NULL,NULL,460,NULL,NULL),(222,3,'B.R.M.C.','2005-04-26',NULL,NULL,NULL,NULL,NULL,NULL,456,NULL,NULL),(223,3,'Highly Evolved',NULL,NULL,NULL,NULL,NULL,NULL,NULL,461,NULL,NULL),(224,3,'Repertoire: A Starbucks Collection of Unforgettable Piano Jazz',NULL,NULL,NULL,NULL,NULL,NULL,NULL,423,NULL,NULL),(225,3,'Steal This Album',NULL,NULL,NULL,NULL,NULL,NULL,NULL,405,NULL,NULL),(226,3,'Reload',NULL,NULL,NULL,NULL,NULL,NULL,NULL,379,NULL,NULL),(227,3,'Garage, Inc.',NULL,NULL,NULL,NULL,NULL,NULL,NULL,379,NULL,NULL),(228,3,'Dark Side of the Moon','2005-11-19',NULL,NULL,NULL,NULL,NULL,NULL,462,NULL,NULL),(229,3,'Remedy',NULL,NULL,NULL,NULL,NULL,NULL,NULL,463,NULL,NULL),(230,3,'Rooty',NULL,NULL,NULL,NULL,NULL,NULL,NULL,463,NULL,NULL),(231,3,'Special',NULL,NULL,NULL,NULL,NULL,NULL,NULL,363,NULL,NULL),(232,3,'The Wall',NULL,NULL,NULL,NULL,NULL,NULL,NULL,462,NULL,NULL),(233,3,'Songs About Jane','2006-12-23',NULL,NULL,'B00006879E',NULL,NULL,NULL,464,NULL,NULL),(234,3,'Thirteen Tales from Urban Bohemia','2005-06-24',NULL,NULL,NULL,NULL,NULL,NULL,443,NULL,NULL),(235,3,'Permission to Land','2005-09-25',NULL,NULL,NULL,NULL,NULL,NULL,465,NULL,NULL),(236,3,'Ten Years Gone',NULL,NULL,NULL,NULL,NULL,NULL,NULL,466,NULL,NULL),(237,3,'Exile in Guyville',NULL,NULL,NULL,NULL,NULL,NULL,NULL,467,NULL,NULL),(238,3,'Speakerboxxx/The Love Below','2006-02-19',NULL,NULL,NULL,NULL,NULL,NULL,468,NULL,NULL),(239,3,'Hard NRG Volume 5',NULL,NULL,NULL,NULL,NULL,NULL,NULL,469,NULL,NULL),(240,3,'The 2005 Annual','2006-03-03',NULL,NULL,NULL,NULL,NULL,NULL,469,NULL,NULL),(241,3,'Dummy','2005-10-27',NULL,NULL,NULL,NULL,NULL,NULL,470,NULL,NULL),(242,3,'Decksanddrumsandrockandroll',NULL,NULL,NULL,NULL,NULL,NULL,NULL,471,NULL,NULL),(243,3,'Live at Starbucks','2003-01-01',NULL,NULL,NULL,NULL,NULL,NULL,472,NULL,NULL),(244,3,'Comme Ci Comme Ca','2003-10-01',NULL,NULL,NULL,NULL,NULL,NULL,473,NULL,NULL),(245,3,'Parachutes',NULL,NULL,NULL,NULL,NULL,NULL,NULL,355,NULL,NULL),(246,3,'Mellon Collie and the Infinite Sadness',NULL,NULL,NULL,NULL,NULL,NULL,NULL,400,NULL,NULL),(247,3,'Siamese Dream','2006-03-27',NULL,NULL,NULL,NULL,NULL,NULL,400,NULL,NULL),(248,3,'Adore',NULL,NULL,NULL,NULL,NULL,NULL,NULL,400,NULL,NULL),(249,3,'Push the Button','2006-07-13',NULL,NULL,'B0006V6TK8',NULL,NULL,NULL,337,NULL,NULL),(250,3,'The Sound of White','2005-03-10',NULL,NULL,NULL,NULL,NULL,NULL,474,NULL,NULL),(251,3,'Lullabies to Paralyze','2005-07-21',NULL,NULL,NULL,NULL,NULL,NULL,391,NULL,NULL),(252,3,'White Blood Cells',NULL,NULL,NULL,NULL,NULL,NULL,NULL,409,NULL,NULL),(253,3,'Queens of the Stone Age',NULL,NULL,NULL,NULL,NULL,NULL,NULL,391,NULL,NULL),(254,3,'Master of Puppets',NULL,NULL,NULL,NULL,NULL,NULL,NULL,379,NULL,NULL),(255,3,'The Invisible Band',NULL,NULL,NULL,NULL,NULL,NULL,NULL,475,NULL,NULL),(256,3,'The Man Who',NULL,NULL,NULL,NULL,NULL,NULL,NULL,475,NULL,NULL),(257,3,'Hot Fuss','2005-07-21',NULL,NULL,NULL,NULL,NULL,NULL,476,NULL,NULL),(258,3,'Bleed Like Me',NULL,NULL,NULL,NULL,NULL,NULL,NULL,363,NULL,NULL),(259,3,'In Your Honor',NULL,NULL,NULL,NULL,NULL,NULL,NULL,362,NULL,NULL),(260,3,'Welcome to the Monkey House','2005-06-24',NULL,NULL,NULL,NULL,NULL,NULL,443,NULL,NULL),(261,3,'Make Yourself','2005-09-25',NULL,NULL,NULL,NULL,NULL,NULL,477,NULL,NULL),(262,3,'Yourself or Someone Like You','2006-03-03',NULL,NULL,NULL,NULL,NULL,NULL,478,NULL,NULL),(263,3,'Mad Season',NULL,NULL,NULL,NULL,NULL,NULL,NULL,478,NULL,NULL),(264,3,'Muchas Gracias','2005-09-10',NULL,NULL,NULL,NULL,NULL,NULL,450,NULL,NULL),(265,3,'Snow White','1999-11-30',NULL,NULL,NULL,NULL,NULL,NULL,376,NULL,NULL),(266,3,'Monkey Business','2005-09-25',NULL,NULL,NULL,NULL,NULL,NULL,479,NULL,NULL),(267,3,'The Singles','2005-09-25',NULL,NULL,NULL,NULL,NULL,NULL,463,NULL,NULL),(268,3,'With the Lights Out',NULL,NULL,NULL,NULL,NULL,NULL,NULL,383,NULL,NULL),(269,3,'End of Fashion',NULL,NULL,NULL,NULL,NULL,NULL,NULL,480,NULL,NULL),(270,3,'Since I Left You',NULL,NULL,NULL,NULL,NULL,NULL,NULL,481,NULL,NULL),(271,3,'The Young Machines',NULL,NULL,NULL,NULL,NULL,NULL,NULL,482,NULL,NULL),(272,3,'Manic Expressive','2005-11-09',NULL,NULL,'B00005R8HI',NULL,NULL,NULL,482,NULL,NULL),(273,3,'Phrenology',NULL,NULL,NULL,NULL,NULL,NULL,NULL,483,NULL,NULL),(274,3,'Sky Caves In',NULL,NULL,NULL,NULL,NULL,NULL,NULL,484,NULL,NULL),(275,3,'Megan Bowman','2006-03-26',NULL,NULL,NULL,NULL,NULL,NULL,485,NULL,NULL),(276,3,'Dear Catastrophe Waitress',NULL,NULL,NULL,NULL,NULL,NULL,NULL,486,NULL,NULL),(277,3,'One Nil','2005-10-27',NULL,NULL,NULL,NULL,NULL,NULL,440,NULL,NULL),(278,3,'Welcome to the Cruel World','2005-11-19',NULL,NULL,NULL,NULL,NULL,NULL,328,NULL,NULL),(279,3,'Fight for Your Mind','2005-11-19',NULL,NULL,NULL,NULL,NULL,NULL,328,NULL,NULL),(280,3,'Sliver: The Best of the Box','2005-11-19',NULL,NULL,NULL,NULL,NULL,NULL,383,NULL,NULL),(281,3,'Wonderlust','2006-03-26',NULL,NULL,NULL,NULL,NULL,NULL,485,NULL,NULL),(282,3,'Part 1: I Guess You\'ve Gotta Start Somewhere','2005-11-20',NULL,NULL,NULL,NULL,NULL,NULL,487,NULL,NULL),(283,3,'Yoshimi Battles the Pink Robots','2005-11-24',NULL,NULL,NULL,NULL,NULL,NULL,488,NULL,NULL),(284,3,'Thank You','2005-11-24',NULL,NULL,NULL,NULL,NULL,NULL,458,NULL,NULL),(285,3,'The Virgin Suicides','2005-11-24',NULL,NULL,'B00004KD51',NULL,NULL,NULL,336,NULL,NULL),(286,3,'Forty Licks','2005-11-24',NULL,NULL,NULL,NULL,NULL,NULL,489,NULL,NULL),(287,3,'Big Calm','2005-11-24',NULL,NULL,NULL,NULL,NULL,NULL,341,NULL,NULL),(288,3,'She Will Have Her Way: The Songs of Tim and Neil Finn','2005-11-24',NULL,NULL,NULL,NULL,NULL,NULL,423,NULL,NULL),(289,3,'Elevator','2006-01-28',NULL,NULL,'B0007US8ES',NULL,NULL,NULL,490,NULL,NULL),(290,3,'Up All Night','2006-07-13',NULL,NULL,NULL,NULL,NULL,NULL,491,NULL,NULL),(291,3,'Veni, Vidi, Vicious',NULL,NULL,NULL,NULL,NULL,NULL,NULL,492,NULL,NULL),(292,3,'You Could Have It So Much Better',NULL,NULL,NULL,NULL,NULL,NULL,NULL,425,NULL,NULL),(293,3,'Swordfish',NULL,NULL,NULL,NULL,NULL,NULL,NULL,423,NULL,NULL),(294,3,'Daisies of the Galaxy',NULL,NULL,NULL,NULL,NULL,NULL,NULL,493,NULL,NULL),(295,3,'Make Up the Breakdown',NULL,NULL,NULL,NULL,NULL,NULL,NULL,490,NULL,NULL),(296,3,'Beautiful Freak','2006-01-28',NULL,NULL,NULL,NULL,NULL,NULL,493,NULL,NULL),(297,3,'The 2006 Annual','2006-03-03',NULL,NULL,NULL,NULL,NULL,NULL,469,NULL,NULL),(298,3,'More Than You Think You Are','2006-03-03',NULL,NULL,NULL,NULL,NULL,NULL,478,NULL,NULL),(299,3,'rearviewmirror','2006-03-03',NULL,NULL,NULL,NULL,NULL,NULL,387,NULL,NULL),(300,3,'Meds','2006-07-13',NULL,NULL,NULL,NULL,NULL,NULL,389,NULL,NULL),(301,3,'Wolfmother','2006-12-23',NULL,NULL,'B000EJ9MTW',NULL,NULL,NULL,494,NULL,NULL),(302,3,'Silent Alarm','2006-06-08',NULL,NULL,NULL,NULL,NULL,NULL,495,NULL,NULL),(303,3,'The Calling','2006-06-08',NULL,NULL,NULL,NULL,NULL,NULL,496,NULL,NULL),(304,3,'Are You Involved?',NULL,NULL,NULL,NULL,NULL,NULL,NULL,497,NULL,NULL),(305,3,'Pearl Jam','2006-06-08',NULL,NULL,NULL,NULL,NULL,NULL,387,NULL,NULL),(306,3,'Elephunk','2006-06-08',NULL,NULL,NULL,NULL,NULL,NULL,479,NULL,NULL),(307,3,'Gravity Won\'t Get You High','2006-08-04',NULL,NULL,NULL,NULL,NULL,NULL,498,NULL,NULL),(308,3,'Tyrannosaurus Hives','2006-08-04',NULL,NULL,NULL,NULL,NULL,NULL,492,NULL,NULL),(309,3,'Black Holes & Revelations','2006-08-05',NULL,NULL,NULL,NULL,NULL,NULL,382,NULL,NULL),(310,3,'Alright, Still...','2006-08-25',NULL,NULL,NULL,NULL,NULL,NULL,499,NULL,NULL),(311,3,'St. Elsewhere','2006-08-25',NULL,NULL,NULL,NULL,NULL,NULL,500,NULL,NULL),(312,3,'Fever to Tell','2006-07-12',NULL,NULL,NULL,NULL,NULL,NULL,501,NULL,NULL),(313,3,'The Definitive Alice Cooper','2006-09-29',NULL,NULL,NULL,NULL,NULL,NULL,502,NULL,NULL),(314,3,'Sing When You\'re Winning','2006-09-29',NULL,NULL,NULL,NULL,NULL,NULL,503,NULL,NULL),(315,3,'Eraser','2006-11-02',NULL,NULL,'B000FPYNR6',NULL,NULL,NULL,504,NULL,NULL),(316,3,'The 2007 Annual','2006-11-11',NULL,NULL,'B000JGF1L8',NULL,NULL,NULL,469,NULL,NULL),(317,3,'Forever Faithless: The Greatest Hits','2006-12-23',NULL,NULL,'B0009VKMBC',NULL,NULL,NULL,446,NULL,NULL),(318,3,'Prolonging the Magic',NULL,NULL,NULL,NULL,NULL,NULL,NULL,354,NULL,NULL),(319,3,'Howling Bells','2007-01-22',NULL,NULL,'B000EWAXOC',NULL,NULL,NULL,505,NULL,NULL),(320,3,'Pieces of the People We Love',NULL,NULL,NULL,NULL,NULL,NULL,NULL,506,NULL,NULL),(321,3,'Sam\'s Town','2007-01-22',NULL,NULL,'B000GY729M',NULL,NULL,NULL,476,NULL,NULL),(322,3,'Big Big Love','2007-02-18',NULL,NULL,'B000646O1E',NULL,NULL,NULL,507,NULL,NULL),(323,3,'Burn It Up',NULL,NULL,NULL,NULL,NULL,NULL,NULL,508,NULL,NULL),(324,3,'Definition of Insanity',NULL,NULL,NULL,NULL,NULL,NULL,NULL,509,NULL,NULL),(325,3,'Young Modern','2007-06-14',NULL,NULL,'B000NQR8AQ',NULL,NULL,NULL,399,NULL,NULL),(326,3,'Dream Days at the Hotel Existence','2007-06-14',NULL,NULL,'B000QJLLDA',NULL,NULL,NULL,390,NULL,NULL),(327,3,'We Are The Night','2007-07-07',NULL,NULL,NULL,NULL,NULL,NULL,337,NULL,NULL),(328,1,'Common Ground',NULL,NULL,NULL,'0670040207',NULL,'0670040207',NULL,NULL,NULL,NULL),(329,1,'Recollections of a Bleeding Heart',NULL,NULL,NULL,'1740512146',NULL,'1740512146',NULL,NULL,NULL,NULL),(330,1,'Long Walk to Freedom',NULL,NULL,NULL,'0349106533',NULL,'0349106533',NULL,NULL,NULL,NULL),(331,1,'Happiness in a Material World',NULL,NULL,NULL,'0734404263',NULL,'0734404263',NULL,NULL,NULL,NULL),(332,1,'Algorithms in C',NULL,NULL,NULL,'0201314525',NULL,'0201314525',NULL,NULL,NULL,NULL),(333,1,'C++ Primer',NULL,NULL,NULL,'0201824701',NULL,'0201824701',NULL,NULL,NULL,NULL),(334,1,'Essential CVS',NULL,NULL,NULL,'0596004591',NULL,'0596004591',NULL,NULL,NULL,NULL),(335,1,'Using csh & tcsh',NULL,NULL,NULL,'1565921321',NULL,'1565921321',NULL,NULL,NULL,NULL),(336,1,'Managing Projects with Make',NULL,NULL,NULL,'0937175900',NULL,'0937175900',NULL,NULL,NULL,NULL),(337,1,'The Art of Prolog',NULL,NULL,NULL,'0262691639',NULL,'0262691639',NULL,NULL,NULL,NULL),(338,1,'Java: How to Program',NULL,NULL,NULL,'1303451517',NULL,'1303451517',NULL,NULL,NULL,NULL),(339,1,'Programming Perl',NULL,NULL,NULL,'0596000278',NULL,'0596000278',NULL,NULL,NULL,NULL),(340,1,'Learning Perl',NULL,NULL,NULL,'0596001320',NULL,'0596001320',NULL,NULL,NULL,NULL),(341,1,'Programming with POSIX Threads',NULL,NULL,NULL,'0201633922',NULL,'0201633922',NULL,NULL,NULL,NULL),(342,1,'Software Engineering',NULL,NULL,NULL,'0321210263',NULL,'0321210263',NULL,NULL,NULL,NULL),(343,1,'Design Patterns',NULL,NULL,NULL,'0201633612',NULL,'0201633612',NULL,NULL,NULL,NULL),(344,1,'Data and Computer Communications',NULL,NULL,NULL,'0131833111',NULL,'0131833111',NULL,NULL,NULL,NULL),(345,1,'Unified Modeling Language User Guide',NULL,NULL,NULL,'0201571684',NULL,'0201571684',NULL,NULL,NULL,NULL),(346,1,'The C++ Programming Language',NULL,NULL,NULL,'0201889544',NULL,'0201889544',NULL,NULL,NULL,NULL),(347,1,'Advanced Programming in the UNIX Environment',NULL,NULL,NULL,'0201563177',NULL,'0201563177',NULL,NULL,NULL,NULL),(348,1,'The Art of UNIX Programming',NULL,NULL,NULL,'0131429019',NULL,'0131429019',NULL,NULL,NULL,NULL),(349,1,'The Practice of Programming',NULL,NULL,NULL,'020161586X',NULL,'020161586X',NULL,NULL,NULL,NULL),(350,1,'The Cathedral and The Bazaar',NULL,NULL,NULL,'0596001088',NULL,'0596001088',NULL,NULL,NULL,NULL),(351,1,'Open Sources',NULL,NULL,NULL,'1565925823',NULL,'1565925823',NULL,NULL,NULL,NULL),(352,1,'Learning the Korn Shell',NULL,NULL,NULL,'0596001959',NULL,'0596001959',NULL,NULL,NULL,NULL),(353,1,'Programming PHP',NULL,NULL,NULL,'1565926102',NULL,'1565926102',NULL,NULL,NULL,NULL),(354,1,'ANSI Common Lisp',NULL,NULL,NULL,'0133708756',NULL,'0133708756',NULL,NULL,NULL,NULL),(355,1,'Programming with GNU Software',NULL,NULL,NULL,'1565921127',NULL,'1565921127',NULL,NULL,NULL,NULL),(356,1,'Learning UML',NULL,NULL,NULL,'0596003447',NULL,'0596003447',NULL,NULL,NULL,NULL),(357,1,'The UNIX Programming Environment',NULL,NULL,NULL,'013937681X',NULL,'013937681X',NULL,NULL,NULL,NULL),(358,1,'The Greens',NULL,NULL,NULL,'1875847170',NULL,'1875847170',NULL,NULL,NULL,NULL),(359,1,'Free as in Freedom',NULL,NULL,NULL,'0596002874',NULL,'0596002874',NULL,NULL,NULL,NULL),(360,1,'Engagement: Australia Faces the Asia-Pacific',NULL,NULL,NULL,'0732910196',NULL,'0732910196',NULL,NULL,NULL,NULL),(361,1,'The Hawke Memoirs',NULL,NULL,NULL,'0855615028',NULL,'0855615028',NULL,NULL,NULL,NULL),(362,1,'Diplomacy',NULL,NULL,NULL,'0671510991',NULL,'0671510991',NULL,NULL,NULL,NULL),(363,1,'Islam: A Thousand Years of Faith and Power',NULL,NULL,NULL,'157500092X',NULL,'157500092X',NULL,NULL,NULL,NULL),(364,1,'The Celts',NULL,NULL,NULL,'0304355909',NULL,'0304355909',NULL,NULL,NULL,NULL),(365,1,'The Family of Wattle Farm',NULL,NULL,NULL,'1862524343',NULL,'1862524343',NULL,NULL,NULL,NULL),(366,1,'Free Software, Free Society',NULL,NULL,NULL,'1882114981',NULL,'1882114981',NULL,NULL,NULL,NULL),(367,1,'Stupid White Men',NULL,NULL,NULL,'0060392452',NULL,'0060392452',NULL,NULL,NULL,NULL),(368,1,'Good God, He\'s Green: A History of Tasmanian Politics',NULL,NULL,NULL,NULL,NULL,NULL,NULL,NULL,NULL,NULL),(369,1,'Ada 95: Problem Solving and Design',NULL,NULL,NULL,'0201304856',NULL,'0201304856',NULL,NULL,NULL,NULL),(370,1,'Elementary Linear Algebra',NULL,NULL,NULL,'0534951902',NULL,'0534951902',NULL,NULL,NULL,NULL),(371,1,'Principles of Digital Design',NULL,NULL,NULL,'0133011445',NULL,'0133011445',NULL,NULL,NULL,NULL),(372,1,'Calculus Concepts and Contexts',NULL,NULL,NULL,'0534437362',NULL,'0534437362',NULL,NULL,NULL,NULL),(373,1,'CCNA ICND Exam Certification Guide',NULL,NULL,NULL,'158720083X',NULL,'158720083X',NULL,NULL,NULL,NULL),(374,1,'CCNA Intro Exam Certification Guide',NULL,NULL,NULL,'1587200945',NULL,'1587200945',NULL,NULL,NULL,NULL),(375,1,'Mastering Windows NT Server 4',NULL,NULL,NULL,'0782124453',NULL,'0782124453',NULL,NULL,NULL,NULL),(376,1,'The Macquarie Dictionary Budget Edition',NULL,NULL,NULL,'0949757322',NULL,'0949757322',NULL,NULL,NULL,NULL),(377,1,'Style Manual for Authors, Editors and Printers',NULL,NULL,NULL,NULL,NULL,'0701636483',NULL,NULL,NULL,NULL),(378,1,'Duden-Oxford Grosswoerterbuch Englisch',NULL,NULL,NULL,'2147483647',NULL,'2147483647',NULL,NULL,NULL,NULL),(379,1,'Oesterreichisches Woerterbuch',NULL,NULL,NULL,'2147483647',NULL,'2147483647',NULL,NULL,NULL,NULL),(380,1,'Deutsch Grammatik',NULL,NULL,NULL,'2147483647',NULL,'2147483647',NULL,NULL,NULL,NULL),(381,1,'Roget\'s College Thesaurus',NULL,NULL,NULL,NULL,NULL,NULL,NULL,NULL,NULL,NULL),(382,1,'Rurality Bites',NULL,NULL,NULL,'1864031697',NULL,'1864031697',NULL,NULL,NULL,NULL),(383,1,'Australian Scout Handbook',NULL,NULL,NULL,'0070729980',NULL,'0070729980',NULL,NULL,NULL,NULL),(384,1,'Latest Great Moments in Science',NULL,NULL,NULL,'0733301444',NULL,'0733301444',NULL,NULL,NULL,NULL),(385,1,'Take it Personally',NULL,NULL,NULL,'0007128983',NULL,'0007128983',NULL,NULL,NULL,NULL),(386,1,'How to Argue with an Economist',NULL,NULL,NULL,'0521525322',NULL,'0521525322',NULL,NULL,NULL,NULL),(387,1,'Under the Radar',NULL,NULL,NULL,'1576105067',NULL,'1576105067',NULL,NULL,NULL,NULL),(388,1,'Cheap Eats 2004',NULL,NULL,NULL,'1876132167',NULL,'1876132167',NULL,NULL,NULL,NULL),(389,1,'Good Food Guide 2004',NULL,NULL,NULL,'1876132140',NULL,'1876132140',NULL,NULL,NULL,NULL),(390,1,'The Tibetan Book of Living and Dying',NULL,NULL,NULL,'0712671390',NULL,'0712671390',NULL,NULL,NULL,NULL),(391,1,'Unlock the Secrets of Your Money Personality',NULL,NULL,NULL,'1740510801',NULL,'1740510801',NULL,NULL,NULL,NULL),(392,1,'Naked Ape to Superspecies',NULL,NULL,NULL,'1865081957',NULL,'1865081957',NULL,NULL,NULL,NULL),(393,1,'No Nonsense Guide to Climate Change',NULL,NULL,NULL,'1859843352',NULL,'1859843352',NULL,NULL,NULL,NULL),(394,1,'No Nonsense Guide to Fair Trade',NULL,NULL,NULL,'1859843344',NULL,'1859843344',NULL,NULL,NULL,NULL),(395,1,'Let\'s Go Europe 2002',NULL,NULL,NULL,'0312270453',NULL,'0312270453',NULL,NULL,NULL,NULL),(396,1,'Astronomy: The Definitive Guide',NULL,NULL,NULL,'1875999450',NULL,'1875999450',NULL,NULL,NULL,NULL),(397,1,'Discrete Mathematics for Computing',NULL,NULL,NULL,'0333981111',NULL,'0333981111',NULL,NULL,NULL,NULL),(398,1,'An Open Heart',NULL,NULL,NULL,'0733613438',NULL,'0733613438',NULL,NULL,NULL,NULL),(399,1,'Good News for a Change',NULL,NULL,NULL,'1865085790',NULL,'1865085790',NULL,NULL,NULL,NULL),(400,1,'No Logo',NULL,NULL,NULL,'0312421435',NULL,'0312421435',NULL,NULL,NULL,NULL),(401,1,'UNIX Network Programming Volume 1',NULL,NULL,NULL,'0131230522',NULL,'0131230522',NULL,NULL,NULL,NULL),(402,1,'Joel on Software',NULL,'2006-09-16',NULL,'1590593898',NULL,'1590593898',NULL,NULL,NULL,NULL),(403,1,'The Mythical Man-Month',NULL,NULL,NULL,'0201835959',NULL,'0201835959',NULL,NULL,NULL,NULL),(404,1,'The Rise and Fall of Marvellous Melbourne',NULL,NULL,NULL,'0522851231',NULL,'0552851231',NULL,NULL,NULL,NULL),(405,1,'Core JavaServer Faces',NULL,NULL,NULL,'0131463055',NULL,'0131463055',NULL,NULL,NULL,NULL),(406,1,'Core Java 2 Vol. 1',NULL,NULL,NULL,'0131482025',NULL,'0131482025',NULL,NULL,NULL,NULL),(407,1,'The Elements of Style',NULL,NULL,NULL,'020530902X',NULL,'020530902X',NULL,NULL,NULL,NULL),(408,1,'Hackers and Painters',NULL,'2005-11-23',NULL,'0596006624',NULL,'0596006624',NULL,NULL,NULL,NULL),(409,1,'Linux Kernel Development',NULL,NULL,NULL,'0672327201',NULL,'0672327201',NULL,NULL,NULL,NULL),(410,1,'The Art of War',NULL,NULL,NULL,'0486425576',NULL,'0486425576',NULL,NULL,NULL,NULL),(411,1,'The Wealth of Nations',NULL,NULL,NULL,'0553585975',NULL,'0553585975',NULL,NULL,NULL,NULL),(412,1,'Learning Python',NULL,NULL,NULL,'0596002815',NULL,'0596002815',NULL,NULL,NULL,NULL),(413,1,'Mastering Regular Expressions',NULL,NULL,NULL,'0596002890',NULL,'0596002890',NULL,NULL,NULL,NULL),(414,1,'Zen and the Art of Motorcycle Maintenance',NULL,NULL,NULL,'0060958324',NULL,'0060958324',NULL,NULL,NULL,NULL),(415,1,'Code Complete',NULL,NULL,NULL,'0735619670',NULL,'0735619670',NULL,NULL,NULL,NULL),(416,1,'Mono: A Developer\'s Notebook',NULL,NULL,NULL,'0596007922',NULL,'0596007922',NULL,NULL,NULL,NULL),(417,1,'The Official GNOME 2 Developer\'s Guide',NULL,NULL,NULL,'1593270305',NULL,'1593270305',NULL,NULL,NULL,NULL),(418,1,'Visual Studio .NET: A Guide for Developers',NULL,NULL,NULL,'1886411697',NULL,'1886411697',NULL,NULL,NULL,NULL),(419,1,'Database Management Systems',NULL,NULL,NULL,'0072465638',NULL,'0072465638',NULL,NULL,NULL,NULL),(420,1,'In Praise Of Slow',NULL,'2006-03-30',NULL,'0752864149',NULL,'0752864149',NULL,NULL,NULL,NULL),(421,1,'Kingdom of Fear',NULL,'2008-01-21',NULL,NULL,NULL,'0141014229',NULL,NULL,NULL,NULL),(422,1,'Hegemony or Survival',NULL,'2007-08-24',NULL,'0805076883',NULL,'1741145007',NULL,NULL,NULL,NULL),(423,1,'Cheap Eats 2007','2007-03-27',NULL,NULL,'014300591X',NULL,'014300591X',NULL,NULL,NULL,NULL),(424,1,'Fast Food Nation',NULL,'2006-04-10',NULL,'0141006870',NULL,'0141006870',NULL,NULL,NULL,NULL),(425,1,'Cryptonomicon',NULL,NULL,NULL,'0060512806',NULL,'0060512806',NULL,NULL,NULL,NULL),(426,1,'Getting Things Done',NULL,NULL,NULL,'0142000280',NULL,'0142000280',NULL,NULL,NULL,NULL),(427,1,'Free Culture',NULL,'2006-04-18',NULL,'1594200068',NULL,'1594200068',NULL,NULL,NULL,NULL),(428,1,'Extreme Programming Explained',NULL,NULL,NULL,'0321278658',NULL,'0321278658',NULL,NULL,NULL,NULL),(429,1,'The Pragmatic Programmer',NULL,'2006-04-01',NULL,'020161622X',NULL,'020161622X',NULL,NULL,NULL,NULL),(430,1,'Open Sources 2.0',NULL,NULL,NULL,'0596008023',NULL,'0596008023',NULL,NULL,NULL,NULL),(431,1,'Unit Test Frameworks',NULL,NULL,NULL,'0596006896',NULL,'0596006896',NULL,NULL,NULL,NULL),(432,1,'Fish: A Remarkable Way to Boost Morale and Improve Results',NULL,'2008-02-19',NULL,'0340819804',NULL,'0340819804',NULL,NULL,NULL,NULL),(433,1,'The Weather Makers',NULL,'2006-04-27',NULL,NULL,NULL,'1920885846',NULL,NULL,NULL,NULL),(434,1,'The Corporation',NULL,NULL,NULL,'1845291743',NULL,'1845291743',NULL,NULL,NULL,NULL),(435,1,'No Contest: The Case Against Competition',NULL,NULL,NULL,'0395631254',NULL,'0395631254',NULL,NULL,NULL,NULL),(436,1,'Democracy in America',NULL,NULL,NULL,'0140447601',NULL,'0140447601',NULL,NULL,NULL,NULL),(437,1,'The Jungle',NULL,NULL,NULL,'1884365302',NULL,'1884365302',NULL,NULL,NULL,NULL),(438,1,'The Amazing Maurice and his Educated Rodents',NULL,NULL,NULL,'0060012358',NULL,'0060012358',NULL,NULL,NULL,NULL),(439,1,'The Design of Everyday Things',NULL,'2006-05-10',NULL,'0465067107',NULL,'0465067107',NULL,NULL,NULL,NULL),(440,1,'User Interface Design for Programmers',NULL,'2006-05-15',NULL,'1893115941',NULL,'1893115941',NULL,NULL,NULL,NULL),(441,1,'Promises to Keep',NULL,NULL,NULL,'0804750130',NULL,'0804750130',NULL,NULL,NULL,NULL),(442,1,'Spelling for the 21st Century',NULL,NULL,NULL,'1591096588',NULL,'1591096588',NULL,NULL,NULL,NULL),(443,1,'Book of Spells and Misspells',NULL,'2006-05-20',NULL,NULL,NULL,'1857769376',NULL,NULL,NULL,NULL),(444,1,'Professional Software Development',NULL,NULL,NULL,'0321193679',NULL,'0321193679',NULL,NULL,NULL,NULL),(445,1,'Mother Tongue',NULL,'2006-06-10',NULL,'014014305X',NULL,'014014305X',NULL,NULL,NULL,NULL),(446,1,'The Story of English',NULL,NULL,NULL,'0571210775',NULL,'0571210775',NULL,NULL,NULL,NULL),(447,1,'Der Dativ ist dem Genitiv sein Tod',NULL,NULL,NULL,NULL,NULL,'3462034480',NULL,NULL,NULL,NULL),(448,1,'Meine Regeln des Spiels',NULL,NULL,NULL,'3423342900',NULL,'3423342900',NULL,NULL,NULL,NULL),(449,1,'Per Anhalter durch die Galaxis',NULL,NULL,NULL,'3453146972',NULL,'3453146972',NULL,NULL,NULL,NULL),(450,1,'The World is Flat',NULL,'2006-08-21',NULL,NULL,NULL,'0141022728',NULL,NULL,NULL,NULL),(451,1,'Performance Tuning for Linux® Servers',NULL,NULL,NULL,'013144753X',NULL,'013144753X',NULL,NULL,NULL,NULL),(452,1,'Schwiizertüütsch: Das Deutsch der Eidgenossen',NULL,NULL,NULL,'3894162619',NULL,'3894162619',NULL,NULL,NULL,NULL),(453,1,'Lonely Planet: Switzerland',NULL,NULL,NULL,'1740597621',NULL,'1740597621',NULL,NULL,NULL,NULL),(454,1,'Lonely Planet: Germany',NULL,NULL,NULL,'1740594711',NULL,'1740594711',NULL,NULL,NULL,NULL),(455,1,'Fairness in a Liberal Society',NULL,NULL,NULL,NULL,NULL,'1864321008',NULL,NULL,NULL,NULL),(456,1,'The Ethic of Respect: A Left Wing Cause',NULL,NULL,NULL,NULL,NULL,'1864321059',NULL,NULL,NULL,NULL),(457,1,'Taxploitation: The Case for Income Tax Reform',NULL,NULL,NULL,NULL,NULL,'1864321148',NULL,NULL,NULL,NULL),(458,1,'Australia\'s Welfare Habit and How to Kick It',NULL,NULL,NULL,NULL,NULL,'1864320923',NULL,NULL,NULL,NULL),(459,1,'Heat','2006-11-03','2006-12-02',NULL,NULL,NULL,'0713999241',NULL,NULL,NULL,NULL),(460,1,'Sheilas, Wogs and Poofters','2006-11-22',NULL,NULL,NULL,NULL,'1740512227',NULL,NULL,NULL,NULL),(461,1,'Agile Web Development with Rails','2006-11-22',NULL,NULL,'097669400X',NULL,'097669400X',NULL,NULL,NULL,NULL),(462,1,'The CSIRO Total Wellbeing Diet Book 2','2006-11-22',NULL,NULL,NULL,NULL,'0143005006',NULL,NULL,NULL,NULL),(463,1,'The C# Programming Language','2006-11-22',NULL,NULL,'0321334434',NULL,'0321334434',NULL,NULL,NULL,NULL),(464,1,'Programming Ruby: The Pragmatic Programmers\' Guide','2006-11-22',NULL,NULL,'0974514055',NULL,'0974514055',NULL,NULL,NULL,NULL),(465,1,'An Inconvenient Truth','2006-11-10',NULL,NULL,'1594865671',NULL,'1594865671',NULL,NULL,NULL,NULL),(466,1,'lex & yacc','2006-11-10',NULL,NULL,'1565920007',NULL,'1565920007',NULL,NULL,NULL,NULL),(467,1,'Red Sky at Morning','2006-11-10',NULL,NULL,'0300107765',NULL,'0300107765',NULL,NULL,NULL,NULL),(468,1,'Global Warming: The Complete Briefing','2006-11-10',NULL,NULL,'0521528747',NULL,'0521528747',NULL,NULL,NULL,NULL),(469,1,'The Skeptical Environmentalist','2006-11-10',NULL,NULL,'0521010683',NULL,'0521010683',NULL,NULL,NULL,NULL),(470,1,'Meltdown','2006-11-10',NULL,NULL,'1930865597',NULL,'1930865597',NULL,NULL,NULL,NULL),(471,1,'The Best Software Writing I','2006-12-12',NULL,NULL,'1590595009',NULL,'1590595009',NULL,NULL,NULL,NULL),(472,1,'Extreme Programming Applied','2006-12-12',NULL,NULL,'0201616408',NULL,'0201616408',NULL,NULL,NULL,NULL),(473,1,'Quaff 2007','2006-12-24',NULL,NULL,NULL,NULL,NULL,NULL,NULL,NULL,NULL),(474,1,'Last Chance to See','2006-12-30','2006-12-31',NULL,'0330320025',NULL,'0330320025',NULL,NULL,NULL,NULL),(475,1,'Patterns of Enterprise Application Architecture','2007-01-09',NULL,NULL,'0321127420',NULL,'0321127420',NULL,NULL,NULL,NULL),(476,1,'Global Warming and Other Eco-Myths','2007-03-27',NULL,NULL,'0761536604',NULL,'0761536604',NULL,NULL,NULL,NULL),(477,1,'The 7 Habits of Highly Effective People','2007-04-14',NULL,NULL,'0743269519',NULL,'0743269519',NULL,NULL,NULL,NULL),(478,1,'101 Reasons Why I\'m A Vegetarian','2007-04-14',NULL,NULL,'1590560752',NULL,'1590560752',NULL,NULL,NULL,NULL),(479,1,'How to Win Friends and Influence People','2007-04-14',NULL,NULL,'0671723650',NULL,'0671723650',NULL,NULL,NULL,NULL),(480,1,'The Ethics of What We Eat','2007-04-14','2007-06-11',NULL,'1594866872',NULL,'1594866872',NULL,NULL,NULL,NULL),(481,1,'A Short History of Nearly Everything','2007-05-01','2007-04-20',NULL,'0552997048',NULL,'0552997048',NULL,NULL,NULL,NULL),(482,1,'The Wisdom of Crowds','2007-05-07','2008-02-19',NULL,'0349116059',NULL,'0349116059',NULL,NULL,NULL,NULL),(483,1,'Radical Priorities','2007-05-07',NULL,NULL,'1902593693',NULL,'1902593693',NULL,NULL,NULL,NULL),(484,1,'Pocket Dictionary German','2007-05-07',NULL,NULL,'1585730505',NULL,'1585730505',NULL,NULL,NULL,NULL),(485,1,'Wardle Family History 1839-1986','2007-06-05',NULL,NULL,NULL,NULL,'186252596X',NULL,NULL,NULL,NULL),(486,1,'Greeniology','2007-06-14',NULL,NULL,NULL,NULL,'0522854117',NULL,NULL,NULL,NULL),(487,1,'The God Delusion','2007-06-14','2007-07-16',NULL,NULL,NULL,'0593058259',NULL,NULL,NULL,NULL),(488,1,'Compilers: Principles, Techniques, & Tools','2007-06-22',NULL,NULL,NULL,NULL,'0321491696',NULL,NULL,NULL,NULL),(489,1,'Elements of ML Programming','2007-06-22',NULL,NULL,'0137903871',NULL,'0137903871',NULL,NULL,NULL,NULL),(490,1,'Don\'t Make Me Think','2007-07-16','2007-07-17',NULL,'0321344758',NULL,'0321344758',NULL,NULL,NULL,NULL),(491,1,'About Face 3: The Essentials of Interaction Design','2007-07-16',NULL,NULL,'0470084111',NULL,'0470084111',NULL,NULL,NULL,NULL),(492,1,'Practical Ethics','2007-07-17',NULL,NULL,'052143971X',NULL,'052143971X',NULL,NULL,NULL,NULL),(493,1,'Word Watching','2007-08-31',NULL,NULL,'1920769382',NULL,'1920769382',NULL,NULL,NULL,NULL),(494,1,'A Concise Guide to Macro Economics','2007-08-31',NULL,NULL,'1422101797',NULL,'1422101797',NULL,NULL,NULL,NULL),(495,1,'Smithsonian Intimate Guide to the Cosmos','2007-09-03',NULL,NULL,'1588341828',NULL,'1588341828',NULL,NULL,NULL,NULL),(496,1,'The Power of One',NULL,NULL,NULL,'0140272917',NULL,'0140272917',NULL,NULL,NULL,NULL),(497,1,'Tandia',NULL,NULL,NULL,'0140272925',NULL,'0140272925',NULL,NULL,NULL,NULL),(498,1,'The Hitchhiker\'s Guide to the Galaxy: A Trilogy in Four Parts',NULL,NULL,NULL,'0330316117',NULL,'0330316117',NULL,NULL,NULL,NULL),(499,1,'A Tale of Two Cities',NULL,NULL,NULL,'0141439602',NULL,'0141439602',NULL,NULL,NULL,NULL),(500,1,'Crime and Punishment',NULL,NULL,NULL,'0140449132',NULL,'0140449132',NULL,NULL,NULL,NULL),(501,1,'Pawn of Prophecy',NULL,NULL,NULL,NULL,NULL,'0552122840',NULL,NULL,NULL,NULL),(502,1,'Queen of Sorcery',NULL,NULL,NULL,NULL,NULL,'0552123480',NULL,NULL,NULL,NULL),(503,1,'Catch 22',NULL,NULL,NULL,'0099477319',NULL,'0099477319',NULL,NULL,NULL,NULL),(504,1,'The Shining',NULL,NULL,NULL,'0450040186',NULL,'0450040186',NULL,NULL,NULL,NULL),(505,1,'Insomnia',NULL,NULL,NULL,'0451186125',NULL,'0451186125',NULL,NULL,NULL,NULL),(506,1,'The Colour of Magic',NULL,NULL,NULL,NULL,NULL,'0552124753',NULL,NULL,NULL,NULL),(507,1,'Angela\'s Ashes',NULL,NULL,NULL,NULL,NULL,'0002571668',NULL,NULL,NULL,NULL),(508,1,'The Lord of the Rings',NULL,NULL,NULL,'0261103253',NULL,'0261103253',NULL,NULL,NULL,NULL),(509,1,'Dirt Music',NULL,NULL,NULL,'0330363670',NULL,'0330363670',NULL,NULL,NULL,NULL),(510,1,'Shantaram',NULL,NULL,NULL,NULL,NULL,'1920969005',NULL,NULL,NULL,NULL),(511,1,'Dilbert and the Way of the Weasel',NULL,NULL,NULL,'0060518057',NULL,'0060518057',NULL,NULL,NULL,NULL),(512,1,'The Green Mile',NULL,NULL,NULL,'0752826751',NULL,'0752826751',NULL,NULL,NULL,NULL),(513,1,'Cujo',NULL,NULL,NULL,'0451161351',NULL,'0451161351',NULL,NULL,NULL,NULL),(514,1,'Atlas Shrugged',NULL,'2007-09-03',NULL,'0451191145',NULL,'0451191145',NULL,NULL,NULL,NULL),(515,1,'Guards! Guards!',NULL,'2005-10-20',NULL,NULL,NULL,'0552134627',NULL,NULL,NULL,NULL),(516,1,'Digital Fortress',NULL,NULL,NULL,'0552151696',NULL,'0552151696',NULL,NULL,NULL,NULL),(517,1,'The Da Vinci Code',NULL,'2005-01-30',NULL,NULL,NULL,'0552149519',NULL,NULL,NULL,NULL),(518,1,'Sphere',NULL,NULL,NULL,'0345353145',NULL,'0345353145',NULL,NULL,NULL,NULL),(519,1,'Do Androids Dream of Electric Sheep?',NULL,NULL,NULL,'1857988132',NULL,'1857988132',NULL,NULL,NULL,NULL),(520,1,'Dead Famous',NULL,NULL,NULL,NULL,NULL,'0552149020',NULL,NULL,NULL,NULL),(521,1,'Wuthering Heights',NULL,NULL,NULL,'0141439556',NULL,'0141439556',NULL,NULL,NULL,NULL),(522,1,'The Odyssey',NULL,NULL,NULL,NULL,NULL,NULL,NULL,NULL,NULL,NULL),(523,1,'A Poirot Quintet',NULL,NULL,NULL,NULL,NULL,NULL,NULL,NULL,NULL,NULL),(524,1,'Men at Arms',NULL,NULL,NULL,NULL,NULL,'0552140287',NULL,NULL,NULL,NULL),(525,1,'Small Gods',NULL,'2006-03-30',NULL,NULL,NULL,'0552138908',NULL,NULL,NULL,NULL),(526,1,'2001: A Space Odyssey',NULL,NULL,NULL,'1857236645',NULL,'1857236645',NULL,NULL,NULL,NULL),(527,1,'Alice in Wonderland and Through the Looking Glass',NULL,NULL,NULL,'141439769',NULL,'141439769',NULL,NULL,NULL,NULL),(528,1,'1984',NULL,NULL,NULL,'140126716',NULL,'140126716',NULL,NULL,NULL,NULL),(529,1,'The Last Continent','2007-02-01',NULL,NULL,'0552154180',NULL,'0552146145',NULL,NULL,NULL,NULL),(530,1,'\'Tis','2007-05-07',NULL,NULL,'0684865742',NULL,'0684865742',NULL,NULL,NULL,NULL),(531,2,'The Rock','1999-11-30',NULL,NULL,NULL,NULL,NULL,NULL,NULL,NULL,NULL),(532,2,'Gladiator','1999-11-30',NULL,NULL,NULL,NULL,NULL,NULL,NULL,NULL,NULL),(533,2,'Fight Club','1999-11-30',NULL,NULL,NULL,NULL,NULL,NULL,NULL,NULL,NULL),(534,2,'Trainspotting','1999-11-30',NULL,NULL,NULL,NULL,NULL,NULL,NULL,NULL,NULL),(535,2,'Panic Room','1999-11-30',NULL,NULL,NULL,NULL,NULL,NULL,NULL,NULL,NULL),(536,2,'Life is Beautiful','1999-11-30',NULL,NULL,NULL,NULL,NULL,NULL,NULL,NULL,NULL),(537,2,'Spiderman','1999-11-30',NULL,NULL,NULL,NULL,NULL,NULL,NULL,NULL,NULL),(538,2,'American Beauty','1999-11-30',NULL,NULL,NULL,NULL,NULL,NULL,NULL,NULL,NULL),(539,2,'Lord of the Rings: Fellowship of the Ring','1999-11-30',NULL,NULL,NULL,NULL,NULL,NULL,NULL,NULL,NULL),(540,2,'Donnie Darko','1999-11-30',NULL,NULL,NULL,NULL,NULL,NULL,NULL,NULL,NULL),(541,2,'Shawshank Redemption','1999-11-30',NULL,NULL,NULL,NULL,NULL,NULL,NULL,NULL,NULL),(542,2,'Lord of the Rings: The Two Towers','1999-11-30',NULL,NULL,NULL,NULL,NULL,NULL,NULL,NULL,NULL),(543,2,'Silence of the Lambs','1999-11-30','2007-01-29',NULL,NULL,NULL,NULL,NULL,NULL,NULL,NULL),(544,2,'Minority Report','1999-11-30',NULL,NULL,NULL,NULL,NULL,NULL,NULL,NULL,NULL),(545,2,'Green Mile','2005-03-10',NULL,NULL,NULL,NULL,NULL,NULL,NULL,NULL,NULL),(546,2,'Red Dragon','1999-11-30',NULL,NULL,NULL,NULL,NULL,NULL,NULL,NULL,NULL),(547,2,'Austin Powers','1999-11-30',NULL,NULL,NULL,NULL,NULL,NULL,NULL,NULL,NULL),(548,2,'Matrix','1999-11-30',NULL,NULL,NULL,NULL,NULL,NULL,NULL,NULL,NULL),(549,2,'Sliding Doors','1999-11-30',NULL,NULL,NULL,NULL,NULL,NULL,NULL,NULL,NULL),(550,2,'Forrest Gump','2006-07-25',NULL,NULL,NULL,NULL,NULL,NULL,NULL,NULL,NULL),(551,2,'Antitrust','1999-11-30',NULL,NULL,NULL,NULL,NULL,NULL,NULL,NULL,NULL),(552,2,'Office Space','1999-11-30',NULL,NULL,NULL,NULL,NULL,NULL,NULL,NULL,NULL),(553,2,'Good Will Hunting','1999-11-30',NULL,NULL,NULL,NULL,NULL,NULL,NULL,NULL,NULL),(554,2,'Toy Story',NULL,NULL,NULL,NULL,NULL,NULL,NULL,NULL,NULL,NULL),(555,2,'Gangs of New York','1999-11-30',NULL,NULL,NULL,NULL,NULL,NULL,NULL,NULL,NULL),(556,2,'Moulin Rouge','1999-11-30',NULL,NULL,NULL,NULL,NULL,NULL,NULL,NULL,NULL),(557,2,'Lock, Stock and Two Smoking Barrels','2006-07-25',NULL,NULL,NULL,NULL,NULL,NULL,NULL,NULL,NULL),(558,2,'Titanic',NULL,NULL,NULL,NULL,NULL,NULL,NULL,NULL,NULL,NULL),(559,2,'Schindler\'s List','2005-07-30',NULL,NULL,NULL,NULL,NULL,NULL,NULL,NULL,NULL),(560,2,'Godfather',NULL,NULL,NULL,NULL,NULL,NULL,NULL,NULL,NULL,NULL),(561,2,'Run Lola Run','2006-08-25',NULL,NULL,NULL,NULL,NULL,NULL,NULL,NULL,NULL),(562,2,'Platoon',NULL,NULL,NULL,NULL,NULL,NULL,NULL,NULL,NULL,NULL),(563,2,'In the Name of the Father',NULL,NULL,NULL,NULL,NULL,NULL,NULL,NULL,NULL,NULL),(564,2,'English Patient','2006-05-23',NULL,NULL,NULL,NULL,NULL,NULL,NULL,NULL,NULL),(565,2,'Memento','2006-12-23',NULL,NULL,NULL,NULL,NULL,NULL,NULL,NULL,NULL),(566,2,'Socceroos: Pride of a Nation','2006-08-18',NULL,NULL,NULL,NULL,NULL,NULL,NULL,NULL,NULL),(567,2,'Matrix Reloaded','2006-08-25',NULL,NULL,NULL,NULL,NULL,NULL,NULL,NULL,NULL),(568,2,'Matrix Revolutions','2004-12-01',NULL,NULL,NULL,NULL,NULL,NULL,NULL,NULL,NULL),(569,2,'Lord of the Rings: The Return of the King','2006-08-25',NULL,NULL,NULL,NULL,NULL,NULL,NULL,NULL,NULL),(570,2,'Being John Malkovich',NULL,NULL,NULL,NULL,NULL,NULL,NULL,NULL,NULL,NULL),(571,2,'High Fidelity',NULL,NULL,NULL,NULL,NULL,NULL,NULL,NULL,NULL,NULL),(572,2,'Snatch','2005-09-25',NULL,NULL,NULL,NULL,NULL,NULL,NULL,NULL,NULL),(573,2,'Total Recall','2007-01-23','2007-01-29',NULL,NULL,NULL,NULL,NULL,NULL,NULL,NULL),(574,2,'The Replacement Killers',NULL,NULL,NULL,NULL,NULL,NULL,NULL,NULL,NULL,NULL),(575,2,'The Meaning of Life','1999-11-30',NULL,NULL,NULL,NULL,NULL,NULL,NULL,NULL,NULL),(576,2,'He Died with a Felafel in his Hand',NULL,NULL,NULL,NULL,NULL,NULL,NULL,NULL,NULL,NULL),(577,2,'Vanilla Sky','2006-12-23',NULL,NULL,'B00005JKMZ',NULL,NULL,NULL,NULL,NULL,NULL),(578,2,'Eternal Sunshine of the Spotless Mind','2006-10-02',NULL,NULL,NULL,NULL,NULL,NULL,NULL,NULL,NULL),(579,2,'Closer','2006-04-29',NULL,NULL,NULL,NULL,NULL,NULL,NULL,NULL,NULL),(580,2,'Dreamcatcher','2005-12-31',NULL,NULL,NULL,NULL,NULL,NULL,NULL,NULL,NULL),(581,2,'The Butterfly Effect','2006-04-29',NULL,NULL,NULL,NULL,NULL,NULL,NULL,NULL,NULL),(582,2,'Cruel Intentions',NULL,NULL,NULL,NULL,NULL,NULL,NULL,NULL,NULL,NULL),(583,2,'Hannibal','2007-01-23',NULL,NULL,NULL,NULL,NULL,NULL,NULL,NULL,NULL),(584,2,'Bend It Like Beckham','2006-03-24',NULL,NULL,NULL,NULL,NULL,NULL,NULL,NULL,NULL),(585,2,'Butterfly Effect','2006-03-24',NULL,NULL,NULL,NULL,NULL,NULL,NULL,NULL,NULL),(586,2,'Batman Begins','2006-07-25','2007-01-23',NULL,'B00005JNJV',NULL,NULL,NULL,NULL,NULL,NULL),(587,2,'Indiana Jones and the Raiders of the Lost Ark','2006-09-29',NULL,NULL,NULL,NULL,NULL,NULL,NULL,NULL,NULL),(588,2,'Indiana Jones and the Temple of Doom','2006-09-29',NULL,NULL,NULL,NULL,NULL,NULL,NULL,NULL,NULL),(589,2,'Indiana Jones and the Holy Grail','2006-09-29',NULL,NULL,NULL,NULL,NULL,NULL,NULL,NULL,NULL),(590,2,'Black Adder 1','2006-11-29',NULL,NULL,NULL,NULL,NULL,NULL,NULL,NULL,NULL),(591,2,'March of the Penguins','2006-12-22','2006-12-25',NULL,'B000BI5KV0',NULL,NULL,NULL,NULL,NULL,NULL),(592,2,'Dilbert: The Complete Series','2006-12-22',NULL,NULL,'B0000WN15E',NULL,NULL,NULL,NULL,NULL,NULL),(593,2,'Lantana','2006-12-22',NULL,NULL,NULL,NULL,NULL,NULL,NULL,NULL,NULL),(594,2,'Se7en','2006-12-22',NULL,NULL,NULL,NULL,NULL,NULL,NULL,NULL,NULL),(595,2,'Sideways','2006-12-22',NULL,NULL,NULL,NULL,NULL,NULL,NULL,NULL,NULL),(596,2,'Syriana','2006-12-23',NULL,NULL,'B000F7CMRM',NULL,NULL,NULL,NULL,NULL,NULL),(597,2,'My Fair Lady','2006-12-23',NULL,NULL,NULL,NULL,NULL,NULL,NULL,NULL,NULL),(598,2,'Once Were Warriors: Collector\'s Edition','2006-12-23',NULL,NULL,NULL,NULL,NULL,NULL,NULL,NULL,NULL),(599,2,'28 Days Later','2006-12-29','2006-01-04',NULL,'B00005JMA8',NULL,NULL,NULL,NULL,NULL,NULL),(600,2,'Secret Window','2006-12-31',NULL,NULL,'B0002234LS',NULL,NULL,NULL,NULL,NULL,NULL),(601,2,'Love Actually','2006-12-31',NULL,NULL,'B0000UI2QY',NULL,NULL,NULL,NULL,NULL,NULL),(602,2,'Catch Me If You Can','2007-01-23',NULL,NULL,NULL,NULL,NULL,NULL,NULL,NULL,NULL),(603,2,'Braveheart','2007-01-23',NULL,NULL,NULL,NULL,NULL,NULL,NULL,NULL,NULL),(604,2,'Devil\'s Advocate','2007-01-23',NULL,NULL,NULL,NULL,NULL,NULL,NULL,NULL,NULL),(605,2,'The Talented Mr. Ripley','2007-01-23',NULL,NULL,NULL,NULL,NULL,NULL,NULL,NULL,NULL),(606,1,'The Virtue of Selfishness','2007-09-13',NULL,NULL,NULL,NULL,'0451163931',NULL,NULL,NULL,NULL),(607,1,'Capitalism: The Unknown Ideal','2007-09-13',NULL,NULL,NULL,NULL,'0451147952',NULL,NULL,NULL,NULL),(608,4,'SimCity 4','2007-09-24',NULL,NULL,NULL,NULL,NULL,NULL,NULL,'88W2-3TTL-LELC-3E49',NULL),(609,4,'Alpha Centauri Planetary Pack',NULL,NULL,NULL,NULL,NULL,NULL,NULL,NULL,'',NULL),(610,4,'Civilization: Call to Power',NULL,NULL,NULL,NULL,NULL,NULL,NULL,NULL,'',NULL),(611,4,'Civilization II',NULL,NULL,NULL,NULL,NULL,NULL,NULL,NULL,'',NULL),(612,4,'Civilization IV',NULL,NULL,NULL,NULL,NULL,NULL,NULL,NULL,'',NULL),(613,4,'Civilization: Call to Power II',NULL,NULL,NULL,NULL,NULL,NULL,NULL,NULL,'',NULL),(614,4,'Civilization III',NULL,NULL,NULL,NULL,NULL,NULL,NULL,NULL,'',NULL),(615,4,'Civilization III: Play the World',NULL,NULL,NULL,NULL,NULL,NULL,NULL,NULL,'',NULL),(616,4,'Civilization III: Conquests',NULL,NULL,NULL,NULL,NULL,NULL,NULL,NULL,'',NULL),(617,4,'Colonization',NULL,NULL,NULL,NULL,NULL,NULL,NULL,NULL,'',NULL),(618,4,'Colin McRae Rally',NULL,NULL,NULL,NULL,NULL,NULL,NULL,NULL,'',NULL),(619,4,'Classic Adventures: Day of the Tentacle and Sam n Max',NULL,NULL,NULL,NULL,NULL,NULL,NULL,NULL,'',NULL),(620,4,'Death Rally',NULL,NULL,NULL,NULL,NULL,NULL,NULL,NULL,'',NULL),(621,4,'Earthworm Jim',NULL,NULL,NULL,NULL,NULL,NULL,NULL,NULL,'',NULL),(622,4,'Full Throttle',NULL,NULL,NULL,NULL,NULL,NULL,NULL,NULL,'',NULL),(623,4,'FIFA 99',NULL,NULL,NULL,NULL,NULL,NULL,NULL,NULL,'',NULL),(624,4,'FIFA 2000',NULL,NULL,NULL,NULL,NULL,NULL,NULL,NULL,'',NULL),(625,4,'FIFA 2001',NULL,NULL,NULL,NULL,NULL,NULL,NULL,NULL,'',NULL),(626,4,'FIFA World Cup 2006',NULL,NULL,NULL,NULL,NULL,NULL,NULL,NULL,'',NULL),(627,4,'FIFA World Cup 2002',NULL,NULL,NULL,NULL,NULL,NULL,NULL,NULL,'',NULL),(628,4,'FIFA 2005',NULL,NULL,NULL,NULL,NULL,NULL,NULL,NULL,'',NULL),(629,4,'Grand Theft Auto',NULL,NULL,NULL,NULL,NULL,NULL,NULL,NULL,'',NULL),(630,4,'Grim Fandango',NULL,NULL,NULL,NULL,NULL,NULL,NULL,NULL,'',NULL),(631,4,'Indiana Jones and the Fate of Atlantis',NULL,NULL,NULL,NULL,NULL,NULL,NULL,NULL,'',NULL),(632,4,'Monkey Island 1 & 2',NULL,NULL,NULL,NULL,NULL,NULL,NULL,NULL,'',NULL),(633,4,'The Curse of Monkey Island',NULL,NULL,NULL,NULL,NULL,NULL,NULL,NULL,'',NULL),(634,4,'Escape from Monkey Island',NULL,NULL,NULL,NULL,NULL,NULL,NULL,NULL,'',NULL),(635,4,'Quake',NULL,NULL,NULL,NULL,NULL,NULL,NULL,NULL,'',NULL),(636,4,'Quake: Scourge of Armagon',NULL,NULL,NULL,NULL,NULL,NULL,NULL,NULL,'',NULL),(637,4,'Quake: Dissolution of Eternity',NULL,NULL,NULL,NULL,NULL,NULL,NULL,NULL,'',NULL),(638,4,'Quake II',NULL,NULL,NULL,NULL,NULL,NULL,NULL,NULL,'',NULL),(639,4,'Quake III Arena',NULL,NULL,NULL,NULL,NULL,NULL,NULL,NULL,'',NULL),(640,4,'SimCity 3000',NULL,NULL,NULL,NULL,NULL,NULL,NULL,NULL,'',NULL),(641,4,'Tony Hawk\'s Pro Skater 2',NULL,NULL,NULL,NULL,NULL,NULL,NULL,NULL,'',NULL),(642,4,'Unreal',NULL,NULL,NULL,NULL,NULL,NULL,NULL,NULL,'',NULL),(643,4,'Unreal Mission Pack',NULL,NULL,NULL,NULL,NULL,NULL,NULL,NULL,'',NULL),(644,4,'Warcraft II',NULL,NULL,NULL,NULL,NULL,NULL,NULL,NULL,'',NULL),(645,4,'Unreal Tournament',NULL,NULL,NULL,NULL,NULL,NULL,NULL,NULL,'',NULL),(646,4,'Sam & Max Season One',NULL,NULL,NULL,NULL,NULL,NULL,NULL,NULL,'',NULL),(647,4,'Windows 98',NULL,NULL,NULL,NULL,NULL,NULL,NULL,NULL,'CPK4Y-WG2GM-J74HT-VR38t-JVWQQ',NULL),(648,4,'Windows XP Academic Upgrade',NULL,NULL,NULL,NULL,NULL,NULL,NULL,NULL,'W8W26-B3W6D-3KC3V-FJ2CC-TWFRV',NULL),(649,4,'Office 2007 Ultimate Academic',NULL,NULL,NULL,NULL,NULL,NULL,NULL,NULL,'Q2BJB-6PXPF-K86CP-CVVQY-YXYRD',NULL),(650,4,'Doom 3',NULL,NULL,NULL,NULL,NULL,NULL,NULL,NULL,'72LCLBBR2WGBH7AJF1',NULL),(651,4,'Call of Duty',NULL,NULL,NULL,NULL,NULL,NULL,NULL,NULL,'P4XH-W3HW-PG4Y-Y3DK-9C97',NULL),(652,4,'Visual C++ .NET Standard Academic',NULL,NULL,NULL,NULL,NULL,NULL,NULL,NULL,'WV8KB-92Q4G-W4YK4-K4MDM-CF4CJ',NULL),(653,1,'The Shield of Achilles','2007-09-27',NULL,NULL,NULL,NULL,'0141007559',NULL,NULL,NULL,NULL),(654,1,'The Constitution of Liberty','2007-09-27',NULL,NULL,NULL,NULL,'041540424X',NULL,NULL,NULL,NULL),(655,3,'Eat Me, Drink Me','2007-10-06',NULL,NULL,'B000PDZJ0S',NULL,NULL,NULL,378,NULL,NULL),(656,1,'The Road to Serfdom','2007-10-08',NULL,NULL,NULL,NULL,'0226320553',NULL,NULL,NULL,NULL),(657,4,'Windows Vista','2007-10-12',NULL,NULL,NULL,NULL,NULL,NULL,NULL,'PYGQ2-BK4TH-D3VCF-VYF38-M4W4F',NULL),(658,4,'Bioshock','2007-12-06',NULL,NULL,NULL,NULL,NULL,NULL,NULL,'QN7P-A5ZB-2FWS-S9PY-QG5O',NULL),(659,1,'Age of Turbulence',NULL,NULL,NULL,NULL,NULL,'1594201315',NULL,NULL,NULL,NULL),(660,1,'John Winston Howard',NULL,NULL,NULL,NULL,NULL,'052285334X',NULL,NULL,NULL,NULL),(662,2,'The West Wing: Season 4','2007-12-30',NULL,NULL,'B0007OY2N0',NULL,NULL,NULL,NULL,NULL,NULL),(663,1,'Making Money',NULL,NULL,NULL,NULL,NULL,'0061161640',NULL,NULL,NULL,NULL),(664,2,'Yes Minister',NULL,NULL,NULL,'',NULL,NULL,NULL,NULL,NULL,NULL),(665,2,'The Adventure of English',NULL,NULL,NULL,'',NULL,NULL,NULL,NULL,NULL,NULL),(666,2,'Bender\'s Big Score',NULL,NULL,NULL,'B000UZDO62',NULL,NULL,NULL,NULL,NULL,NULL),(667,2,'Pursuit of Happyness','2007-12-30',NULL,NULL,'',NULL,NULL,NULL,NULL,NULL,NULL),(668,2,'The West Wing: Season 5','2008-02-07',NULL,NULL,'',NULL,NULL,NULL,NULL,NULL,NULL),(669,4,'VMWare Server','2007-12-31',NULL,NULL,NULL,NULL,NULL,NULL,NULL,'92JWT-YDGAL-16L3M-41P00',NULL),(670,1,'Going Postal','2008-01-21','2008-01-21',NULL,NULL,NULL,'0552149438','9780552149433',NULL,NULL,NULL),(671,1,'Teach Yourself Greek','2008-01-30',NULL,NULL,NULL,NULL,'0340647833',NULL,NULL,NULL,NULL),(672,1,'The Long Tail','2008-01-30',NULL,NULL,NULL,NULL,'190521121X',NULL,NULL,NULL,NULL),(673,1,'12 Books That Changed The World','2008-01-30',NULL,NULL,NULL,NULL,'0340839805',NULL,NULL,NULL,NULL),(674,2,'The West Wing: Season 6','2008-02-07',NULL,NULL,'B000EGEJI4',NULL,NULL,NULL,NULL,NULL,NULL),(675,2,'The West Wing: Season 7','2008-02-07',NULL,NULL,'B000HC2LHQ',NULL,NULL,NULL,NULL,NULL,NULL),(676,2,'The Sopranos: Season 1','2008-02-07',NULL,NULL,'B00003CXOP',NULL,NULL,NULL,NULL,NULL,NULL),(677,2,'Six Feet Under: Season 1','2008-02-07',NULL,NULL,'B00006NT1S',NULL,NULL,NULL,NULL,NULL,NULL);
/*!40000 ALTER TABLE `items` ENABLE KEYS */;
UNLOCK TABLES;

--
-- Table structure for table `languages`
--

DROP TABLE IF EXISTS `languages`;
CREATE TABLE `languages` (
  `language_id` int(11) NOT NULL auto_increment,
  `name` varchar(64) NOT NULL,
  `code` varchar(2) NOT NULL,
  PRIMARY KEY  (`language_id`)
) ENGINE=MyISAM DEFAULT CHARSET=latin1;

--
-- Dumping data for table `languages`
--

LOCK TABLES `languages` WRITE;
/*!40000 ALTER TABLE `languages` DISABLE KEYS */;
/*!40000 ALTER TABLE `languages` ENABLE KEYS */;
UNLOCK TABLES;

--
-- Table structure for table `media`
--

DROP TABLE IF EXISTS `media`;
CREATE TABLE `media` (
  `medium_id` int(11) NOT NULL auto_increment,
  `name=` varchar(64) NOT NULL,
  PRIMARY KEY  (`medium_id`)
) ENGINE=MyISAM DEFAULT CHARSET=latin1;

--
-- Dumping data for table `media`
--

LOCK TABLES `media` WRITE;
/*!40000 ALTER TABLE `media` DISABLE KEYS */;
/*!40000 ALTER TABLE `media` ENABLE KEYS */;
UNLOCK TABLES;

--
-- Table structure for table `platforms`
--

DROP TABLE IF EXISTS `platforms`;
CREATE TABLE `platforms` (
  `platform_id` int(11) NOT NULL,
  `name` varchar(64) NOT NULL,
  KEY `I_referenced_items_FK_2_1` (`platform_id`)
) ENGINE=MyISAM DEFAULT CHARSET=latin1;

--
-- Dumping data for table `platforms`
--

LOCK TABLES `platforms` WRITE;
/*!40000 ALTER TABLE `platforms` DISABLE KEYS */;
INSERT INTO `platforms` VALUES (1,'Windows'),(2,'Linux'),(3,'Mac');
/*!40000 ALTER TABLE `platforms` ENABLE KEYS */;
UNLOCK TABLES;

--
-- Table structure for table `region_countries`
--

DROP TABLE IF EXISTS `region_countries`;
CREATE TABLE `region_countries` (
  `region_id` int(11) NOT NULL,
  `country_id` int(11) NOT NULL,
  KEY `region_countries_FI_1` (`region_id`),
  KEY `region_countries_FI_2` (`country_id`)
) ENGINE=MyISAM DEFAULT CHARSET=latin1;

--
-- Dumping data for table `region_countries`
--

LOCK TABLES `region_countries` WRITE;
/*!40000 ALTER TABLE `region_countries` DISABLE KEYS */;
/*!40000 ALTER TABLE `region_countries` ENABLE KEYS */;
UNLOCK TABLES;

--
-- Table structure for table `regions`
--

DROP TABLE IF EXISTS `regions`;
CREATE TABLE `regions` (
  `region_id` int(11) NOT NULL,
  `code` char(1) NOT NULL,
  `description` varchar(64) default NULL,
  KEY `I_referenced_region_countries_FK_1_1` (`region_id`)
) ENGINE=MyISAM DEFAULT CHARSET=latin1;

--
-- Dumping data for table `regions`
--

LOCK TABLES `regions` WRITE;
/*!40000 ALTER TABLE `regions` DISABLE KEYS */;
/*!40000 ALTER TABLE `regions` ENABLE KEYS */;
UNLOCK TABLES;

--
-- Table structure for table `store_items`
--

DROP TABLE IF EXISTS `store_items`;
CREATE TABLE `store_items` (
  `store_id` int(11) NOT NULL,
  `item_id` int(11) NOT NULL,
  KEY `store_items_FI_1` (`store_id`),
  KEY `store_items_FI_2` (`item_id`)
) ENGINE=MyISAM DEFAULT CHARSET=latin1;

--
-- Dumping data for table `store_items`
--

LOCK TABLES `store_items` WRITE;
/*!40000 ALTER TABLE `store_items` DISABLE KEYS */;
/*!40000 ALTER TABLE `store_items` ENABLE KEYS */;
UNLOCK TABLES;

--
-- Table structure for table `stores`
--

DROP TABLE IF EXISTS `stores`;
CREATE TABLE `stores` (
  `store_id` int(11) NOT NULL auto_increment,
  `name` varchar(64) NOT NULL,
  `country_id` int(11) default NULL,
  `homepage_url` varchar(255) default NULL,
  PRIMARY KEY  (`store_id`),
  KEY `stores_FI_1` (`country_id`)
) ENGINE=MyISAM DEFAULT CHARSET=latin1;

--
-- Dumping data for table `stores`
--

LOCK TABLES `stores` WRITE;
/*!40000 ALTER TABLE `stores` DISABLE KEYS */;
/*!40000 ALTER TABLE `stores` ENABLE KEYS */;
UNLOCK TABLES;
/*!40103 SET TIME_ZONE=@OLD_TIME_ZONE */;

/*!40101 SET SQL_MODE=@OLD_SQL_MODE */;
/*!40014 SET FOREIGN_KEY_CHECKS=@OLD_FOREIGN_KEY_CHECKS */;
/*!40014 SET UNIQUE_CHECKS=@OLD_UNIQUE_CHECKS */;
/*!40101 SET CHARACTER_SET_CLIENT=@OLD_CHARACTER_SET_CLIENT */;
/*!40101 SET CHARACTER_SET_RESULTS=@OLD_CHARACTER_SET_RESULTS */;
/*!40101 SET COLLATION_CONNECTION=@OLD_COLLATION_CONNECTION */;
/*!40111 SET SQL_NOTES=@OLD_SQL_NOTES */;

-- Dump completed on 2008-02-20 22:10:58
